1018261,https://www.facebook.com/Danville.VT.Farmers.Market/
1009994,https://www.facebook.com/ScottsbluffFarmersMarket
1000709,https://www.facebook.com/pages/Highlands-Business-Partnership-Highlands-NJ/165486543524770
1019956,https://www.facebook.com/29palmsfarmersmarket/
1009959,https://www.facebook.com/2ndStreetMarket/
1004950,https://www.facebook.com/pages/3-French-Hens-French-Country-Market/422352511143508
1019938,facebook/ 3rd Day Farm
1018965,61market
1019473,Facebook.com/AberdeenSundayMarket
1010487,https://www.facebook.com/abingdonfarmersmarket
1019695,https://www.facebook.com/abitasprings.farmersmarket/
1021442,facebook.com/acohfarmersmarket
1019676,www.facebook.com/AdamsCountyFarmersMarket
1019351,www.facebook.com/AdamsCountyFarmersMarket
1019847,https://www.facebook.com/FarmersAtAdamsRicciParkEast/
1008961,https://www.facebook.com/adaptationsaloha
1019203,http://www.facebook.com/AGFarmersMarket
1012233,https://www.facebook.com/farmersmarketmemphis/
1008054,https://www.facebook.com/airportfarmersandfleamarket
1008612,https://www.facebook.com/441acfmarket
1018304,https://www.facebook.com/AlamoHeightsFarmersMarket/
1004070,https://www.facebook.com/pages/Alamosa-Farmers-Market/104375596315429?fref=ts
1021689,https://www.facebook.com/Albany.OR.Farmers.Market
1019371,https://www.facebook.com/Albany-IN-Farmers-Market-405175829889200/?modal=admin_todo_tour
1021578,https://www.facebook.com/MainStreetAlbany
1000519,https://www.facebook.com/pages/Alexandria-Bay-Chamber-of-Commerce/82504121853
1019113,"Alexandria, MN Farmers Market"
1021464,https://www.facebook.com/AlexandriaFarmersMarket
1021597,https://www.facebook.com/AlgomaSundayFarmersMarket
1019831,Allen County Farmers' Market
1019832,Allen County Farmers' Market
1012389,https://www.facebook.com/Aloha-Community-Farmers-Market-913645008655691/
1020150,https://www.facebook.com/ModocCFM/
1021309,https://www.facebook.com/FarmToCity
1011171,Ames Main Street Farmers' Market
1003563,https://www.facebook.com/amicalolafarmersmarket/
1012157,https://www.facebook.com/groups/478915098830452/
1005944,https://www.facebook.com/AnacortesFarmersMarket
1019647,www.facebook.com/andersoncountyfarmersmarket
1020084,AndersonCoFarmersMarket
1003516,https://www.facebook.com/andersonville?ref=bookmarks
1020060,https://www.facebook.com/andoverfarmersmarket/?view_public_for=153480551390115
1019484,https://www.facebook.com/events/557660981411692/
1019096,Annandale Farmers Market
1018934,"Antigo Farmers Market, Inc"
1019350,https://www.facebook.com/VillageOfAntioch/
1000431,www.facebook.com/downtownappletonfarmmarket
1021359,https://www.facebook.com/Aquidneck-Growers-Market-145175198849594
1021733,https://www.facebook.com/Aquidneck-Growers-Market-145175198849594
1021732,https://www.facebook.com/Aquidneck-Growers-Market-145175198849594
1019662,https://www.facebook.com/Market05250
1019904,https://www.facebook.com/farmfreshri/
1019222,https://www.facebook.com/arnoldfarmersmarket/?ref=settings
1009810,https://www.facebook.com/AshlandMAFarmersMarket
1021627,https://www.facebook.com/astoriasundaymarket
1001245,https://www.facebook.com/asuregionalfarmersmarket
1002984,https://www.facebook.com/AtchisonFarmersMarket/
1005086,https://www.facebook.com/athensohfarmersmarket/
1018033,https://www.facebook.com/AthensFarmersMarket
1018032,https://www.facebook.com/AthensFarmersMarket
1021450,https://www.facebook.com/Atholfarmersmarket
1018330,AttleboroFarmersMarket@AttFrmMkt
1019789,https://www.facebook.com/AuburnInternationalFarmersMarket/?ref=bookmarks
1000559,Aurora Local Farmers Market
1021534,https://www.facebook.com/farmergeorge.market
1019396,http://facebook.com/avonfarmersmarket
1019126,https://www.facebook.com/avonfreepubliclibrary/
1021528,https://www.facebook.com/BackyardMarketinBF/
1021530,https://www.facebook.com/BackyardMarketinBF/
1021529,https://www.facebook.com/BackyardMarketinBF/
1019044,bainbridgefarmmarket
1019076,https://www.facebook.com/BaldwinsMainStFarmersMarket/
1021338,https://www.facebook.com/BallardFarmersMarket
1021521,https://www.facebook.com/bambergfarmersmarket/?ref=page_internal
1012081,www.facebook.com/bangorfarmersmarket
1021582,@barmbargains
1001604,@barnegatrecreation
1020029,https://www.facebook.com/barrowcountyfarmersmarket
1000436,https://www.facebook.com/pages/Bastrop-1832-Farmers-Market/118950738119102
1021540,https://www.facebook.com/BataviaFarmersMarket/about/?ref=page_internal
1021265,Batesville Farmers Market
1021443,facebook.com/BattleCreekFarmersMarketAssociation
1019617,https://www.facebook.com/bayareafarmersmarket/?modal=admin_todo_tour
1020102,Locally Made Market Beattyville Lee county 
1018735,Beaumont Farmers Market
1021630,https://www.facebook.com/BeaverdaleFarmFest/ 
1019853,https://www.facebook.com/BedfordFarmersMarketNH/
1019400,https://www.facebook.com/bedminsterfarmersmarket/?eid=ARArXvXuUVPdjTMbOd_12-gC2WKj6BpLHpqkVXPEOpscqeAh6w0Zv07etCwMUUqqHWLD7rH2eCWztrqR
1010607,BelAir Farmers Market
1011902,https://www.facebook.com/BellevilleKSFarmersMarket
1021363,Belleville Farmers Market
1008140,https://www.facebook.com/pages/Bellingham-Farmers-Market/30710694970
1002064,Belmont Farmers Market
1011363,https://www.facebook.com/BeltonMoFarmersMarket/
1001316,http://www.facebook.com/bemidjisfarmersmarket
1021403,https://www.facebook.com/142086697017/
1005183,https://www.facebook.com/pages/Berkeley-Springs-Farmers-Market/354062496235
1021628,https://www.facebook.com/berwickmainefarmersmarket
1019168,https://www.facebook.com/BessemerFarmersMarket/
1019967,bethatofarmersmarket
1021322,https://www.facebook.com/bethanybeachfarmersmarket
1010406,www.facebook.com/CentralFarmMarkets
1012494,facebook.com/BethlehemFarmersMarketPA
1020196,https://www.facebook.com/BHFarmersMarket/
1005949,https://www.facebook.com/BigBearFarmersMarket
1019338,https://www.facebook.com/biglakefarmersmarket/
1019339,https://www.facebook.com/biglakefarmersmarket/
1019591,Billerica Farmers Market
1021508,https://m.facebook.com/events/main-bird-park-226-n-water-st-birdsboro-pa-19508/birdsboro-farmers-market/752878688717725/
1011037,www.facebook.com/bismarketnd
1012163,https://www.facebook.com/blairstownfarmersmarket/
1011829,https://www.facebook.com/bloomfieldmarket/
1018396,https://www.facebook.com/pages/Bloomington-Community-Farmers-Market/130635957114110
1018563,https://www.facebook.com/Bloomington-Winter-Farmers-Market-205299875349/
1019932,https://www.facebook.com/blueashfarmersmarket/
1020098,BluegrassFarmersMarket@bluegrassfarmersmarket
1019372,https://www.facebook.com/farmersmarketblufftonohio/
1019440,https://www.facebook.com/BlufftonIndianaFarmersMarket/
1018092,https://www.facebook.com/BaltimoreMuseumofIndustry/
1018313,BOISE FARMERS MARKET
1018316,BOISE FARMERS MARKET
1019318,@BoonvilleMOFarmersMarket
1019693,https://www.facebook.com/BotetourtFarmersMarket/
1018394,facebook.com/Bottineau-Farmers-Market-1665424737011341/
1001526,Boulder MT Farmers and Artisans Market
1019165,https://www.facebook.com/BowieFarmersMarket/
1020096,Boyd County Farmers Market
1020099,Boyd County Farmers Market
1019205,https://www.facebook.com/BoyneCityFarmersMarket/
1021248,https://www.facebook.com/braeswoodfarmersmarket
1018227,https://www.facebook.com/braintreefarmersmarket/
1002407,https://www.facebook.com/pages/Brattleboro-Area-Farmers-Market/197642043604505
1011075,//www.facebook.com/BrattleboroWinterFarmersMarket
1020113,https://www.facebook.com/BreathittFarmersMarket
1018556,https://www.facebook.com/BremertonMarket/
1019146,https://www.facebook.com/BridgewaterFarmersMarketNJ/
1018756,@historicbrigham
1019905,https://www.facebook.com/farmfreshri/
1019257,https://www.facebook.com/BroadwayFarmMkt/
1019984,https://www.facebook.com/BrocktonFarmersMarket/
1019794,https://www.facebook.com/2018BGM/?modal=admin_todo_tour
1019527,https://www.facebook.com/Brookingsharborfarmersmarket/
1021736,https://www.facebook.com/BrooksideFarmersMarket
1018891,facebook.com/hernandogrowers
1021262,Broome County Regional Farmers Market
1019906,https://www.facebook.com/farmfreshri/
1019727,https://www.facebook.com/BrownsburgFarmersMarket/
1017968,Bruce Community Farmers Market
1021311,https://www.facebook.com/TBMFM
1008953,https://www.facebook.com/BucksportBayFarmersMarket
1000843,https://www.facebook.com/burbankfarmersmarket
1019492,https://www.facebook.com/events/786233015044186/
1021524,Burke Area Farmers Market
1019965,https://www.facebook.com/BurlingtonFarmersMarketVT
1021728,Burrillville Farmers Market
1001362,https://www.facebook.com/ButteFM
1021238,https://www.facebook.com/buylocalfarmersmarket/
1021614,C & C Garden
1020089,Cadiz-Trigg County Farmer's Market
1004927,https://www.facebook.com/caganfarmersmarket/
1019922,https://www.facebook.com/CalaverasGROWN
1019978,Murphys Farmers' Market 
1018263,https://www.facebook.com/St.J.Farmers.Market/
1019980,https://www.facebook.com/EatLocalRacine/
1020188,https://www.facebook.com/UrbanVillageOnFB
1018459,https://www.facebook.com/CaliforniaBAEFarmersMarket
1020160,https://www.facebook.com/cambriafarmersmarket/
1020183,https://www.facebook.com/UrbanVillageOnFB
1002674,https://www.facebook.com/CamelliaCityMarket
1020117,https://www.facebook.com/campbellcountyfarmmarket
1020118,https://www.facebook.com/campbellcountyfarmmarket
1020119,https://www.facebook.com/campbellcountyfarmmarket
1020184,https://www.facebook.com/UrbanVillageOnFB
1009034,https://www.facebook.com/canaldistrictfarmersmarket
1019810,https://www.facebook.com/canalmarketdistrict
1021202,Canal Village Farmers' Market
1012038,https://www.facebook.com/canogafarmersmarket/
1019772,@cantonfarmersmarket
1021435,www.facebook.com/CantonOhioFarmersMarket
1021294,Cape Coral Farmers Market
1021655,https://www.facebook.com/CapeRiverfrontMarket/
1011930,https://www.facebook.com/capitalcityfarmersmarket/
1018359,CapitalHarvestonthePlaza
1008450,https://www.facebook.com/pages/Monterey-Bay-Certified-Farmers-Markets/112446802152723
1006651,https://www.facebook.com/pages/Carnation-Farmers-Market/113831768657527
1019417,CarolinafreshmarketandmoreSC
1021269,https://www.facebook.com/carrborofarmersmarket
1008322,https://www.facebook.com/CarrolltonFarmersMarket
1021213,Carsonfarmersmarket
1008276,https://www.facebook.com/catawbacountypublichealth
1019159,https://www.facebook.com/Catawba-Valley-Farmers-Market-129469157077509/
1021242,https://www.facebook.com/Cave-Spring-Farmers-Market-107965954240659/?view_public_for=107965954240659
1012484,Cedar Mill Farmers market
1019842,The Market at Cedar Point
1021362,https://www.facebook.com/CelinaFarmersMarket
1018734,https://www.facebook.com/FridayNightMarketCelina/
1019907,https://www.facebook.com/farmfreshri/
1019618,https://www.facebook.com/CentralKitsapFarmersMarket/
1020142,@CertifiedFarmersMarket
1020141,@CertifiedFarmersMarket
1020058,fort washington farmers market
1020057,river park farmer's market
1020056,river park farmer's market
1021267,https://www.facebook.com/ChamplainIslandsFarmersMarket/
1021564,https://www.facebook.com/ChamplainIslandsFarmersMarket
1018886,"Charles Town Farmers Market, WV"
1017995,https://www.facebook.com/Charleston-Ar-Farmers-Market-1593672464260381/
1021741,https://www.facebook.com/charlestownfarmersmarket/
1011689,https://www.facebook.com/CharlotteRegionalFarmersMarket
1005834,https://www.Facebook.com/ChathamFarmer'sMarket
1004754,https://www.facebook.com/chelseafarmersmarket
1008606,https://www.facebook.com/CFitFarmersMarket
1021310,https://www.facebook.com/AmblerFarmersMarket
1020128,Chico Certified Farmers Market
1020129,Chico Certified Farmers Market
1020127,Chico Certified Farmers Market
1019104,https://www.facebook.com/chinagrovefarmersmarket/
1021237,https://www.facebook.com/events/6730-church-st-douglasville-ga-30134/church-st-farmers-market/198037544608925/
1004360,com/groups/CSFarmersMarket
1021653,https://www.facebook.com/csctownsquare
1019141,https://www.facebook.com/citycenterfarmersmarket
1021199,facebook.com/cityheightsfm
1019717,https://www.facebook.com/CityMarketAuburnAL/
1004255,https://www.facebook.com/cityoflovelandfarmersmarket
1017956,https://www.facebook.com/NorthAdamsFarmersMarket/
1021433,https://www.facebook.com/cityofsevenhills?fref=ts
1021420,https://www.facebook.com/StClair-Shores-Farmers-Market-434292750726325
1005940,https://www.facebook.com/cityseed/
1005941,https://www.facebook.com/cityseed
1019206,https://www.facebook.com/cityseed
1005943,https://www.facebook.com/cityseed/
1002106,https://www.facebook.com/pages/Claremont-Farmers-Artisans-Market/148040805240200?fref=ts
1019061,ClaremontFarmersMarketnh
1000579,https://www.facebook.com/clarencehollowfm
1019840,Facebook.com/CLARKSTONFARMERSMARKET/
1021441,Clay Center Farmers Market
1019110,Cleburne Farmer's Market
1019741,https://www.facebook.com/clemmonsfarmersmarket
1019704,https://www.facebook.com/CleParkMainStDC
1018381,https://www.facebook.com/Clifton-Park-Farmers-Market-440138679349915/
1019823,https://www.facebook.com/ClintonNYFarmersMarket/
1019763,https://www.facebook.com/clintonvillefarmersmarket
1019474,Co-Operative Farmers Market
1018969,https://www.facebook.com/CoastalGrowers/
1019821,https://www.facebook.com/CoastalGrowers
1020135,https://www.facebook.com/Coastside-Farmers-Market-in-Half-Moon-Bay-135241926498880
1020137,https://www.facebook.com/Coastside-Farmers-Market-in-Half-Moon-Bay-135241926498880
1021232,https://www.facebook.com/CP.Farmers.Market
1001290,https://www.facebook.com/collinsvillefarmersmarket1
1000210,https://www.facebook.com/farmandartmarket
1009656,https://www.facebook.com/farmandartmarket
1018196,https://www.facebook.com/Columbia-Farmers-Fresh-Market
1019790,https://www.facebook.com/ColumbiaFarmersMarket
1010758,https://www.facebook.com/ColumbiaFarmory
1019483,Columbus Farmers Market
1019199,Facebook: columbus ks farmers' market
1020124,https://www.facebook@colusacertifiedfarmersmarket
1011003,https://www.facebook.com/colwellmarket
1021541,https://www.facebook.com/comethrupdx
1019592,fb.me/comofarmersmarket@facebook.com
1019042,facebook.com/ctoldstatehouse
1012030,https://www.facebook.com/WaccamawMarketCooperative/
1021396,https://www.facebook.com/ConwayFarmersMktAntioch
1006766,https://www.facebook.com/CoosBayFarmersMarket
1018190,www.facebook.com/coralvillefarmersmarket
1021639,https://www.facebook.com/CorneliusFarmersMarket
1012666,https://www.facebook.com/CorpusChristiDowntownFarmersMarket/
1008959,https://www.facebook.com/groups/265957719169/admins/?order=default
1021691,https://www.facebook.com/Corvallis.Farmers.Market
1018629,https://www.facebook.com/CotatiFarmersMarket/
1004382,https://www.facebook.com/pages/Cottins-Hardware-Farmers-Market/130797680335852
1018221,https://www.facebook.com/cottonmillfarmersmarket/?ref=settings
1019530,https://www.facebook.com/countrysidefoodandfarms/
1019529,https://www.facebook.com/countrysidefoodandfarms
1019531,https://www.facebook.com/countrysidefoodandfarms/
1019258,https://www.facebook.com/countrysidefoodandfarms/
1019325,www.facebook.com/coventryfarmersmarket
1019296,https://www.facebook.com/covingtonfarmersmarket/
1012552,@cowtownfarmersmkt
1009993,https://www.facebook.com/pages/Cozad-Haymaker-Grand-Generation-Center/581875038530338
1021330,https://www.facebook.com/crawfordsvillefarmersmarket
1021331,https://www.facebook.com/crawfordsvillefarmersmarket
1019260,https://www.facebook.com/CrescentCityFarmersMarket/
1019261,https://www.facebook.com/CrescentCityFarmersMarket/
1019262,https://www.facebook.com/CrescentCityFarmersMarket/
1002470,https://www.facebook.com/DowntownFremontInc
1012365,https://www.facebook.com/CrossroadsFarmersMarket/
1001869,www.facebook.com/CrystalLakeFarmersMarket
1021346,Culver City Farmers Market 
1019701,@culverfarmersmarket
1019702,@culverfarmersmarket
1020109,https://www.facebook.com/CumberlandCountyKYFarmersMarket
1021387,https://www.facebook.com/CumberlandINFM
1019539,Farmers' Market in the Falls
1021408,Dallas County Farmer's Market
1004516,danburyconnecticutfarmersmarket
1019163,fb.me/dardanellefarmersmarket
1018157,Mississippi Valley Growers farmers Market
1012254,dawson madison farmers market
1019100,http://www.facebook.com/daybreakfarmersmarket
1021457,https://www.facebook.com/cultivatingfoodandcommunity
1018945,@DearbornFarmersArtisansMarket
1019970,https://www.facebook.com/DecaturFarmersMarkets/
1021570,https://www.facebook.com/decorahfarmersmarket/
1012296,https://www.facebook.com/deforestmarket/
1011103,https://www.facebook.com/dekalbfarmersmarket
1002536,https://www.facebook.com/pages/Monterey-Bay-Certified-Farmers-Markets/112446802152723
1020061,facebook.com/delanoneighborhoodmarket
1018416,DelcambreMarket
1019308,delmarmarket
1020191,Delray Beach GreenMarket
1021591,https://www.facebook.com/DelridgeFarmersMarket
1021649,https://www.facebook.com/DentonCommunityMarket/
1007255,https://www.facebook.com/pages/Des-Moines-Waterfront-Farmers-Market/112845878735116?ref=hl
1021318,https://www.facebook.com/DSPFarmersMarket
1021261,https://www.facebook.com/Dillsboro-Farmers-Market-1682514815354955/
1018958,https://www.facebook.com/DillsburgFarmersMarket/
1019458,http://facebook.com/dimondalefarmersmarket
1018816,www.facebook.com/DodgeCountyFarmersMarket
1019742,https://www.facebook.com/dodgevillefarmersmarket
1019439,https://www.facebook.com/DoloresCountyFarmersMarket/
1019964,donnelly farmers market
1018706,DotHouse Health 
1020111,https://www.facebook.com/doreyparkfarmersmarket/?ref=bookmarks
1003046,https://www.facebook.com/DousmanFarmersMarket
1009829,https://www.facebook.com/Market03820
1009894,https://www.facebook.com/chelseanycfarmersmarket
1021296,https://www.facebook.com/cunninghamparkfarmersmarket
1010954,https://www.facebook.com/larchmontfarmersmarket
1016793,https://www.facebook.com/mamaroneckfarmersmarket
1010969,https://www.facebook.com/mcgolrickparkfarmersmarket
1010972,https://www.facebook.com/morningsideparkfarmersmarket/
1010958,https://www.facebook.com/newrochellefarmersmarket/
1016792,https://www.facebook.com/ossiningfarmersmarket/
1009895,https://www.facebook.com/parkslopefarmersmarket/
1010982,https://www.facebook.com/queensbotanicalfarmersmarket
1010960,https://www.facebook.com/ryefarmersmarket
1016867,https://www.facebook.com/DowningtownFarmersMarket/
1019667,https://www.facebook.com/alachuafarmersmarket
1009043,https://www.facebook.com/allenpark.dda?sk=wall
1003643,https://www.facebook.com/BeloitFarmersMarket?ref=hl
1020064,https://www.facebook.com/ecologycenter.org
1020000,https://www.facebook.com/BLMFarmersMarket/
1020001,https://www.facebook.com/DBAFarmersMarket/
1019370,https://www.facebook.com/CantonTexasMainStreetProgram?ref=hl
1019944,https://www.facebook.com/thursdaynightmarket
1021401,downtownconwayfarmersandcraftsmarket
1000841,https://www.facebook.com/denison.farmermarket?fref=ts
1019401,https://www.facebook.com/DowntownElginFarmersMarket
1021631,Evanston markets
1008853,downtown evansvillefarmersmarket.com
1002400,https://www.facebook.com/satmarket
1019032,https://www.facebook.com/seelancastercity
1019856,Facebook: Murray Downtown Farmers Market
1019216,downtown fort pierce farmers market
1012243,https://www.facebook.com/FondDuLacFarmersMarket/
1012256,https://www.facebook.com/FondDuLacFarmersMarket/
1019654,facebook.com/downtowngreenbay
1019341,https://www.facebook.com/lawrenceburgfarmersmarket/?ref=br_rs
1019083,Downtown Lima Farmers Market
1009757,https://www.facebook.com/DowntownMadisonFarmersMarket
1018930,facebook.com/downtownmqtfarmersmarket/
1018621,https://www.facebook.com/DowntownNovatoCommunityFarmersMarket/
1019721,http://www.facebook.com/paloaltofarmersmarket
1021716,https://www.facebook.com/dtphxfarmersmarket
1021411,https://www.facebook.com/DTRMarket
1005281,www.facebook.com/santacruzfarmersmarket/
1019525,https://facebook.com/DowntownYakimaFarmersMarket/
1019729,https://www.facebook.com/DresdenFarmersMarket/#
1004676,https://www.facebook.com/Druid-Hill-Farmers-Market-196200720417576/
1005197,https://www.facebook.com/dbqfarmersmarket
1019994,Facebook.com/GreaterDowntownCouncil
1018953,https://www.facebook.com/durangofarmersmarket/
1000312,www.facebook.com/durhamfarmersmarketnc
1009830,https://www.facebook.com/Market03824
1012345,http://www.facebook.com/pages/Duvall-Farmers-Market/141032938155
1021275,https://www.facebook.com/buylocalfarmersmarket
1018159,https://www.facebook.com/EAVFarmersMarket
1021303,https://www.facebook.com/EastBostonFarmersMarket?fref=ts
1021414,https://www.facebook.com/EastBostonFarmersMarket?fref=ts
1011673,https://www.facebook.com/eastendfarmersmarket/
1019079,https://www.facebook.com/EastGreenbushLibraryYMCAFarmerMarket/
1020133,https://www.facebook.com/EHFarmersMkt/
1011113,https://www.facebook.com/eastnashvillefarmersmarket?fref=ts
1020172,https://www.facebook.com/freshapproach/
1012717,https://www.facebook.com/search/top/?q=East%20Point%20Farmers%20Market
1019094,https://www.facebook.com/EastSideMarketElmiraNY/
1019125,https://www.facebook.com/EastgatePlazaClarence/
1021698,https://www.facebook.com/EasthamptonFarmersMarket
1009867,https://www.facebook.com/EastonFarmersMarket
1019624,https://www.facebook.com/EastsideSundayMarket/
1021710,https://www.facebook.com/eatdrinkri
1012783,https://www.facebook.com/edentonfarmersmarket/
1012160,https://www.facebook.com/edmondsmuseumsummermarket/
1019118,https://www.facebook.com/pg/EggHarborDoorCounty/events/?ref=page_internal
1019936,https://www.facebook.com/CityofElMonte/
1019921,@elgintxfarmersmarket
1021587,https://www.facebook.com/ElkhartFarmersMarket
1018900,https://www.facebook.com/ellingtonfarmersmarket/
1018898,Www.facebook.com/ellingtonfarmersmarket 
1020112,Elliott County Farmers Market 
1018717,https://www.facebook.com/NewtonFarmersMarket
1021207,ElmwoodBidwellFarmersMarket
1002657,https://www.facebook.com/EmmausFarmersMarket/
1002769,https://www.facebook.com/leelanaufarmersmarkets/
1019398,https://www.facebook.com/JoplinEmpireMarket
1012045,Encino Farmers Market 
1019684,www.facebook.com/enkacandlertailgatemarket
1018765,https://www.facebook.com/ennistxfarmersmarket/?ref=bookmarks
1019687,http://www.facebook.com/EnumclawPlateauFarmersMarket/
1020053,https://www.facebook.com/EtnaFarmersMarket/
1019954,https://www.facebook.com/ESFarmersMarket
1010195,https://www.facebook.com/EvartFarmersMarket
1007798,https://www.facebook.com/Market03833
1019081,The Vermont Farmers Market
1018622,https://www.facebook.com/FairfaxCommunityFarmersMarket/
1019186,https://www.facebook.com/FairfaxSaturdayMarket/
1019049,FairlandFarmersMarket
1018562,Fairwood farmers' market
1019457,https://www.facebook.com/fallbrookfarmersmarket/
1010889,www.facebook.com/FallsParkFarmersMarket
1019841,Lineage the Market
1021514,https://www.facebook.com/farmtoforkfarmersmarketcaldwell
1019523,https://www.facebook.com/LasCrucesMarket/
1018937,www.facebook.com/farmersbranchmarket
1019436,https://www.facebook.com/FarmersFreshMarketAK/
1021666,https://www.facebook.com/search/top?q=farmer%27s%20market%20covington
1021734,https://www.facebook.com/farmersmarketcovington
1018131,Farmers Market at St. John's/Naperville
1021388,https://www.facebook.com/FarmersMarketAtTheFairgrounds
1019705,@FarmersMarketNorthScottsdale
1005069,farmersmarketbluffton
1021620,https://www.facebook.com/madfarmersmarket
1005159,https://www.facebook.com/FMOZARKS/
1021538,https://www.facebook.com/farmersmarketogden
1021581,https://www.facebook.com/farmersmarketongrandparkway
1019993,https://www.facebook.com/MarketOnGreenRiver/
1020079,Farmers Market on the Square
1020080,Farmers Market on the Square
1021595,Farmers Market Partners Missouri ity
1019862,https://www.facebook.com/FarmersontheSquare/
1018427,https://www.facebook.com/Farmers-Gateway-Market-250248165001885/
1016870,facebook/hamakuaharvest
1021460,https://www.facebook.com/OHFCFM/
1019800,https://www.facebook.com/FayettecountyfarmersmarketIN/?ref=bookmarks
1012627,https://www.facebook.com/fearringtonfarmersmarket
1002721,www.facebook.com/santacruzfarmersmarket/
1018973,https://www.facebook.com/FergusonFarmersMarket/
1021676,https://www.facebook.com/FerndaleFarmersMarket
1021665,@fernleypoolsidefarmersmarket
1020193,facebook.com/cuesa
1019771,https://www.facebook.com/events/722787851585113/
1018193,FifthStreetFarmersMarket
1020008,https://www.facebook.com/FightingvilleFresh/
1019677,https://www.facebook.com/fireflyfarmwichitakansas/
1019897,https://www.facebook.com/flemingcountyfarmersmarket/
1021453,www.facebook.com/fondymarket/
1019123,www.facebook.com/foodforthoughtmarkets
1000958,https://www.facebook.com/pages/Forest-farmers-market/193117547377111
1021638,https://www.facebook.com/fgfm1
1021504,Forest Hills PA Farmers Market
1002803,https://www.facebook.com/ForestLakesFarmersmarket
1018989,https://www.facebook.com/FortBenFarmersMarket/
1021680,Fort Smith Farmer's Market on Garrison Ave
1019101,https://www.facebook.com/events/167501670531638/
1002880,https://www.facebook.com/Frankenmuth-Farmers-Market-106279602732863/ 
1019298,https://www.facebook.com/franklincountyfarmersmarketky/
1019147,https://www.facebook.com/DiscoverDowntownFranklin/
1020092,https://www.facebook.com/FranklinSimpsonFarmersMarket/
1020007,https://www.facebook.com/Franklin-Street-Bazaar-2296932127209023/
1021565,www.Facebook.com/FranktonTownMarket
1012429,https://www.facebook.com/freedomfarmersmkt/
1021353,www.fb.com/freighthousefarmersmarket
1019600,www.facebook.com/freiheitvillagefm
1019404,https://facebook.com/freshapproach
1012466,@fresh2youmarket
1018671,https://www.facebook.com/freshfarmdc
1011730,https://www.facebook.com/FriendswoodMarket
1021552,https://www.facebook.com/fortthomasfarmersmarket
1019762,https://www.facebook.com/ftwaynesfm/
1019285,https://www.facebook.com/ftwaynesfm/
1019998,https://www.facebook.com/foreverfulshear/
1019949,fultonmarketnyc
1006661,www.facebook.com/fultonstmarket
1021590,https://www.facebook.com/fvgrowersmarket
1021444,https://Facebook.com/GalenaKSFarmersMarket
1021730,https://www.facebook.com/GalenaKSFarmersMarket
1019630,www.facebook.com/gallatinfarmersmarket/
1011814,https://www.facebook.com/Galleria-at-Tyler-Riverside-Farmers-Market-329529333808763/
1018831,Gardner Farmers Market
1019728,https://www.facebook.com/GarfieldParkFarmersMarket/
1021662,https://www.facebook.com/gpccouncil/
1019587,https://m.facebook.com/FarmersMarketsinGasCityIndiana/?ref=bookmarks
1021677,https://www.facebook.com/search/top?q=gateway%20farmers%20market
1021416,fb.me/generalstoremarket 
1012033,https://www.facebook.com/WaccamawMarketCooperative/
1019602,www.facebook.com/gohealthyhouston/
1019603,www.facebook.com/gohealthyhouston/
1019604,www.facebook.com/gohealthyhouston/
1019605,www.facebook.com/gohealthyhouston/
1019606,www.facebook.com/gohealthyhouston/
1019607,www.facebook.com/gohealthyhouston/
1019608,www.facebook.com/gohealthyhouston/
1021461,facebook.com/gilbertmarket/
1021284,Facebook.com/gilmantoncommunityfarmersmarket
1008573,https://www.facebook.com/pages/Gladstone-Farmers-Market/107406389284555?fref=ts
1002767,https://www.facebook.com/leelanaufarmersmarkets/
1019710,https://www.facebook.com/GFFarmersMarket/
1019414,https://www.facebook.com/GlenwoodSunday/
1019833,Goodhue Farmers Market
1021350,GoodingFarmersMarket
1021308,https://www.facebook.com/FarmToCity
1012253,Goshenfarmersmarket
1021392,https://www.facebook.com/GrandPrairieFarmersMarket
1005937,https://www.facebook.com/GRFarmersMarketMN
1017947,facebook.com/grandinvillagecommunitymarket
1021484,https://www.facebook.com/grantparkfarmersmarket
1019989,Grassroots Farmers Market
1009808,https://www.facebook.com/GreatFallsFarmersMarket
1021456,Greater Washington County Food Bank
1006059,https://www.facebook.com/watertownfarmandcraft/?ref=br_rs
1021289,@greeleyfarmersmarket
1021319,www.facebook.com/greencitymarket
1021320,www.facebook.com/greencitymarket
1004849,https://www.facebook.com/greenmarketatl?ref=hl
1006997,https://www.facebook.com/walkergreenscene
1019805,https://www.facebook.com/GreenbeltFarmersMarket/
1019132,https://www.facebook.com/greenefarmersmarket/
1018472,Gretna Farmers' Market 
1021382,facebook.com/grinnellfarmersmarket
1021536,https://www.facebook.com/GroveFarmMarket/
1019088,http://facebook.com/GrowBatonRouge
1021247,http://facebook.com/growingaugusta
1018619,https://www.facebook.com/GuttenbergFarmersMarket/
1001804,https://www.facebook.com/halifaxmarketplace
1021584,https://www.facebook.com/hpnafmkt
1019673,Hamilton's Historic Farmer's Market
1018774,hammondsgrandsonsproduce
1019738,https://www.facebook.com/HampdenFarmersMarket/
1019209,https://www.facebook.com/hamptonblvdfarmersmarket/
1021583,HFUU Hana Chapter
1006425,https://www.facebook.com/hanaleifarmersmarket.halehalawai/
1019065,@HancockCountyFarmersMarket
1019148,www.Facebook.com/hanovermarket
1019154,Hardyâ€™s Farm Market
1018380,https://www.facebook.com/harkerheightspr/
1021696,www.facebook.com/harlingenfarmersmarket
1021555,https://www.facebook.com/GardenGrillandGallery
1020122,https://www.facebook.com/hcfmky/
1020125,https://www.facebook.com/hcfmky/
1020107,https://www.facebook.com/Hart-County-Farmers-Market-112546692116875/
1011782,https://www.facebook.com/HartfordSDFarmersMarket/
1002335,https://www.facebook.com/HarvestHomeMkts/
1018282,http://www.facebook.com/haymaker.farmers.market
1020044,https://www.facebook.com/haymaker.farmers.market
1021431,https://www.facebook.com/HealthwayParkFarmersMarket
1021671,https://www.facebook.com/hnafarmersmarket
1021672,https://www.facebook.com/hnafarmersmarket
1021211,https://www.facebook.com/RHHTFoundationinc
1019757,facebook.com/westhollywoodrec
1019192,@hendersoncountytailgatemarket
1021286,Buller Gardens
1019802,@herefordfarmmarket
1021282,@heritageacresfarm
1019234,https://www.facebook.com/groups/1881445965496016/
1006285,https://www.facebook.com/pages/Hernando-Farmers-Market/
1019486,https://www.facebook.com/events/804594679906261/
1021355,Good4Life Markets
1020026,www.facebook.com/hickorypointumcproducemarket
1019224,High Desert Farmers Market
1019220,https://www.facebook.com/hpncfarmersmarket/
1012260,fb.com/farmersmarkethighsprings
1006831,https://www.facebook.com/thehighlandcenter
1021327,Metro Denver Farmers' Market
1018951,https://www.facebook.com/highway7market/
1019959,https://www.facebook.com/hillsboromarkets/
1019962,https://www.facebook.com/hillsboromarkets/
1021249,https://www.facebook.com/HillsdaleFM/
1019669,https://www.facebook.com/hinesvillefarmersmarket/?ref=aymt_homepage_panel&eid=ARD0szjrieT0U1nAUmLT5Gyh_giCODZ5TaoqN9AkJlW3lxm6eodoZSI-q1j5Dest8KQiuY-mukmFMDXS
1008020,https://www.facebook.com/pages/Hingham-Farmers-Market/129956870371803
1019330,facebook.com/hotspringsfarmersmarket
1021208,https://www.facebook.com/downtownjcfarmersmarket/
1010937,Historic Farmers Market of Lapeer
1021533,www.facebook.com/lafayettefarmersmarket
1021509,https://www.facebook.com/historiclewesfarmersmarket/
1021511,https://www.facebook.com/historiclewesfarmersmarket/
1021512,https://www.facebook.com/historiclewesfarmersmarket/
1021516,https://www.facebook.com/historiclewesfarmersmarket
1011761,mariontailgatemarket
1018972,facebook.com/newburghfarmersmarket
1008980,https://www.facebook.com/holdenmarket
1021547,https://www.facebook.com/HollidaysburgFarmersMarket
1019302,www.facebook.com/HollyFarmers
1018853,https://www.facebook.com/hsfarmersmarket/
1018458,https://www.facebook.com/homegrownfarmmarket
1007267,https://www.facebook.com/homerakfarmersmarket/
1009663,https://www.facebook.com/VillageofHomewood
1012076,https://www.facebook.com/HoodRiverFarmersMarket
1019819,Hoodland Farmers Market
1021705,https://www.facebook.com/HopeandMain
1021711,http://www.facebook.com/HopeStFarmersMkt
1012041,www.facebook.com/hopkinsfarmersmarket
1020100,https://www.facebook.com/HopkinsvilleDowntownFarmersMarket/
1008366,https://www.facebook.com/HopkintonFarmersMarket
1019313,www.facebook.com/soakinlocalfood
1018200,@HubCityFM
1005674,https://www.facebook.com/hudson.markt
1018152,Huguenot-Robious Farmers Market
1019990,Huguenot-Robious Farmers Market
1021610,https://www.facebook.com/communityfarmersmarket
1021612,https://www.facebook.com/Humpday-Farmers-Market-101574485558655
1019056,https://www.facebook.com/HunterdonLandTrust
1010598,https://www.facebook.com/HuntFarmMarket
1021268,https://www.facebook.com/huntleyfarmersmarket
1019586,Downtown Huto
1021635,Hwy80Produce 
1011325,www.facebook.com/hyattsville-farmers-market
1021703,https://www.facebook.com/HydeParkFarmersMarket/
1012621,Ida Area Farmers Market
1006417,https://www.facebook.com/pages/Idaho-Falls-Farmers-Market/83193557893
1005080,https://www.facebook.com/pages/Imlay-City-Farmers-Market/215845188439242
1019011,https://www.facebook.com/indeefarmersmarket/
1018772,Indian Lake Community Farmers Market
1019861,https://www.facebook.com/indianafarmmarket/
1019340,Isabahlia ladies of Elegance Foundation Inc
1004380,https://www.facebook.com/BullerGardens
1006376,https://www.facebook.com/Jackalope-Square-Farmers-Market-1336784669703622
1018907,Jackson Farmers Market
1018343,https://www.facebook.com/brf.wi/
1019263,www.facebook.com/thegloriousjacksoncountyfarmersmarket
1018978,www.facebook.com/TheGloriousJacksonCountyFarmersMarket/
1021281,Lammscapes
1009970,https://www.facebook.com/pages/Janesville-Farmers-Market-Inc/212710452079344
1008299,https://www.facebook.com/JasperFarmersMarket/
1021306,https://www.facebook.com/Jefferson-Farmers-Market-129580207073874
1002907,https://www.facebook.com/pages/Joshua-Tree-Farmers-Market/164059226980487
1018242,facebook/juneau.arts
1019774,https://www.facebook.com/KalamazooFarmersMarket/
1021264,https://www.facebook.com/kamuelafarmersmarket
1019003,https://www.facebook.com/KellerFarmersMarket/
1021369,www.facebook.com/KenoshaPublicMarket
1021743,https://facebook.com/KenoshaPublicMarket
1021349,www.facebook.com/KenoshaPublicMarkets
1021742,https://www.facebook.com/CityofKentwoodFarmersMarket/
1021567,https://www.facebook.com/KCFMMarket
1010636,www.facebook.com/KingFarmersMarket
1019120,@KingGeorgeFarmersMarket
1003269,Facebook.com/kingstonfarmersmarket
1019491,https://www.facebook.com/events/388112988700408/
1020032,https://www.facebook.com/kingwoodfarmersmarket
1019266,Kirksville Kiwanis Farmers' Market
1019212,https://www.facebook.com/KirtlandGrowersMarket/
1011117,facebook.com/kitterymarket
1021332,https://www.facebook.com/KnoxCountyMOFarmersMarket
1020075,https://www.facebook.com/knoxcountyfarmersmarket
1021244,facebook.com/ksqfarmersmarket
1021345,La Cienega Farmers' Market
1020123,La Grange Farmers' Market & Artisans
1019506,https://www.facebook.com/LaPlataFarmersMarket/
1019649,https://www.facebook.com/Lachat-Town-Farm-1453666524945229/?epa=SEARCH_BOX
1019409,https://www.facebook.com/Lafayette-County-Farmers-Market-At-Lewisville-1709681622637869/
1019103,https://www.facebook.com/Labafama/
1003863,https://www.facebook.com/pages/Lake-Oswego-Farmers-Market/
1012206,https://www.facebook.com/ausablevalleygrangefarmersmarkets/
1019850,Lakes Area Growers Market
1019851,Lakes Area Growers Market
1019198,https://www.facebook.com/LakesideMarketRVA/
1002021,https://www.facebook.com/pages/Lakeside-farmers-market/96856541016
1002521,https://www.facebook.com/pg/leafcommunity.org/posts/
1019427,https://www.facebook.com/lakewoodnyfarmersmarket/
1019035,Lamoni Farmers' Market
1021683,https://www.facebook.com/LanarkFarmersMarket/
1019852,https://www.facebook.com/lancasterohfarmersmarket
1019352,Landon's Saturday Farmers Market
1005352,https://www.facebook.com/lanecounty.farmersmarket.3?fref=ts
1009803,https://www.facebook.com/lanecounty.farmersmarket.3?fref=ts
1019756,https://www.facebook.com/LansdaleFarmersMarket/
1021291,https://www.facebook.com/larimercountyfm
1021661,https://www.facebook.com/latahfarmersmarket
1012344,Latham Farmers Market
1019030,facebook.com/downtownlaurelfarmersmarket/
1018834,https://www.facebook.com/LawrenceFarmersMkt
1021324,https://www.facebook.com/lawrencefarmersmarket
1021325,https://www.facebook.com/lawrencefarmersmarket
1019450,www.facebook.com/lvillefarmmarket
1021647,https://www.facebook.com/LEAFFoodHub
1016810,www.facebook.com/lebanoncitymarket
1018113,Lebanon Farmers' Market
1019158,www.facebook.com/LegacyFarmersMarket
1006652,https://www.facebook.com/LegionParkFarmersMarket/
1002768,https://www.facebook.com/leelanaufarmersmarkets/
1019512,www.facebook.com/groups/lenexafarmmkt/
1010483,Lenoir County Farmers Market
1016916,lewfm
1019503,@TheCrossingsCenter
1019808,https://www.facebook.com/lewistonfarmersmarket/
1019726,https://www.facebook.com/lewistonfarmersmarket/
1021470,https://www.facebook.com/LexingtonFarmersMkt
1019346,https://www.facebook.com/LexingtonFarmersMkt/
1019650,https://www.facebook.com/libertyparkmarket/?ref=settings
1018927,@LigonierCountryMarket
1021361,www.facebook.com/lilburnfarmersmarket
1011300,Lincoln Heights Certified Farmers Market
1020132,Lincoln Heights Certified Farmers Market
1019304,https://www.facebook.com/Lincoln-Park-Farmers-Market-208206362528258/
1021198,facebook.com/lindavistafm
1019167,@lintonfarmersmarket
1019678,https://www.facebook.com/LHFFM/?ref=br_rs
1019631,https://www.facebook.com/PleasantValleyFamilyFarm/
1019207,https://www.facebook.com/SSJNN/
1019995,https://www.facebook.com/LittleItalyMercato/
1021390,https://www.facebook.com/LRCFarmersMarket/
1012027,https://www.facebook.com/WaccamawMarketCooperative/
1019538,https://www.facebook.com/Livingston-Farmers-Market-108693092565965/
1018418,The Wilson Barn
1018901,https://www.facebook.com/LocalAPX/
1019494,https://www.facebook.com/events/1096089703908635/
1005431,https://www.facebook.com/LosRanchosNM
1018919,Louisiana Community Betterment Farmers Market
1000462,https://www.facebook.com/LovelandFarmersMarket
1016820,https://www.facebook.com/LowLineMarket
1021727,https://www.facebook.com/Lowell-Farmers-Market-426239604141282
1018922,https://www.facebook.com/lowvillefarmandcraftmarket/
1021257,https://www.facebook.com/Ludingtonfarmersmarket
1019622,https://www.facebook.com/BluemontFarmersMarket/
1019177,https://www.facebook.com/CascadesFarmersMarket
1019175,https://www.facebook.com/LeesburgFarmersMarket/
1019176,https://www.facebook.com/LoudounStationFarmersMarket/
1019940,https://www.facebook.com/LynchburgCommunityMarket/
1019435,https://www.facebook.com/lyndenfarmersmarket/
1011538,Mableton Farmers Market
1000481,https://www.facebook.com/madisoncofarmersmarket
1012249,dawson madison farmers market
1005201,https://www.facebook.com/ilovemadisonnj
1012046,Madras Saturday Market
1021339,https://www.facebook.com/MadronaFarmersMarket
1019360,www.facebook.com/MADWestFM
1021197,https://www.facebook.com/MainStreetDFS/
1018407,https://www.facebook.com/groups/119877659959/
1005528,https://www.facebook.com/washingtonfarmers
1006837,https://www.facebook.com/edcfarmersmarket/
1011119,Main Street Chanute Farmers Market
1019706,https://www.facebook.com/pg/thecooperageproject/events/?ref=page_internal
1021624,Murfreesboro Saturday Market
1019752,https://www.facebook.com/MainStreetWadsworthFarmersMarket/
1019501,https://www.facebook.com/Libertyville-Farmers-Market-166588080019691
1019969,sprucestreetmarketct
1003980,https://www.facebook.com/pages/Manhattan-Farmers-Market/143100112435501
1018217,https://www.facebook.com/Manistee-Farmers-Market-203800259657175/
1018998,facebook.com/MSTQFarmersMKT
1019111,www.facebook.com/mansfieldtxfarmersmarket
1010286,https://www.facebook.com/MansonFarmersMarket
1018310,https://www.facebook.com/mansoniafarmersmarket
1005218,https://www.facebook.com/manzanitafarmersmarket/
1016799,www.facebook.com/maplevalleyfarmersmarket
1003238,https://www.facebook.com/mariettasquarefarmersmarket
1021358,https://www.facebook.com/MenomineeFarmersMarket
1019058,Marion Ohio Market
1019482,Market 23
1019368,https://www.facebook.com/VillageofOrlandPark/
1012031,https://www.facebook.com/WaccamawMarketCooperative/
1000242,MarketsinMobile
1019022,Oshkosh Farmers Markets
1000616,MarketsinMobile
1019185,https://www.facebook.com/urbanoasisproject
1019806,https://www.facebook.com/MarketonMainEVV/
1011972,Military Avenue Business Association
1021341,@CityofWhiehall
1019189,https://www.facebook.com/marketsquarefarmersmarket/
1019924,https://www.facebook.com/MarksvilleMarket/?modal=admin_todo_tour
1019843,http://www.facebook.com/marlettefarmersmarket
1020190,https://www.facebook.com/groups/178294012981631
1002929,https://www.facebook.com/MarshfieldFM/
1019659,www.facebook.com/mcmainstreetmarket
1018976,www.facebook.com/maryvilleILfarmersmarket
1011139,Maryville Farmers Market
1019902,https://www.facebook.com/masoncofarmersmarket/
1001281,https://www.facebook.com/groups/309799505821466/
1005642,https://www.facebook.com/pages/Mattapan-Square-Farmers-Market/132570930215702
1003199,Matthys Farm Market
1019300,https://www.facebook.com/mauldinmarket/
1019968,https://www.facebook.com/maustonsfarmersmarket/
1020145,McCreary County Farmers Market
1019487,https://www.facebook.com/events/424552635030264
1020134,https://www.facebook.com/McKinleyvilleFarmersMartket/
1019490,https://www.facebook.com/events/909125412812849/
1020081,Meade County Farmers Market 
1019634,https://www.facebook.com/MedfordFarmerMkt/
1021314,https://www.facebook.com/mediafarmersmarket
1018908,Medicine Root Farmers Market
1019858,medina farmers market
1019759,www.facebook.com/meigscountyfarmersmarket
1021209,https://www.facebook.com/memphisfarmersmarket
1020199,https://www.facebook.com/Menifee-County-Farmers-Market-1412859525644869
1002905,Menlo Park Farmers Market
1019816,https://www.facebook.com/MenomineeFarmersMarket/
1021357,https://www.facebook.com/MenomineeFarmersMarket
1018093,https://www.facebook.com/merchantvillemarketoffcentre/
1019464,https://www.facebook.com/MeridianMainStreetMarket/
1021458,https://www.facebook.com/metuchenfarmersmarket
1019137,Miami County Farmers' Market
1000021,https://www.facebook.com/mtmarket
1011076,Middlebury Farmers Market
1019683,https://www.facebook.com/middletownmdfarmersmarket
1019777,https://www.facebook.com/midlandfarmersmarket/
1012786,https://www.facebook.com/Midtown-Farmers-Market-655879797806495/
1006681,https://www.facebook.com/Milfordmarket
1020034,https://www.facebook.com/MilkladyFarmersMarkets/
1020035,https://www.facebook.com/MilkladyFarmersMarkets/
1020038,https://www.facebook.com/MilkladyFarmersMarkets
1012523,https://www.facebook.com/MillCityFarmersMarket/
1010485,Main Street Millen
1018486,https://www.facebook.com/Miltonfarmkt/
1021454,www.facebook.com/mcwfm
1019239,https://www.facebook.com/mineolafarmersmarket/
1019716,https://www.facebook.com/minnetrista
1006069,https://www.facebook.com/minturnmarket
1020195,facebook.com/mission.community.market
1016862,https://www.facebook.com/missionksmarket/
1018939,https://www.facebook.com/MissoulaFarmersMarket/
1010037,https://www.facebook.com/MLKCampusFarmersMarket/
1006547,https://www.facebook.com/farmersmarketmonroemi
1012314,Main Street Monroe Farmers Market
1019844,https://www.facebook.com/MontavillaMarket/
1020166,https://www.facebook.com/UrbanVillageOnFB
1004297,https://www.facebook.com/montevallofarmersmarket
1020085,Montgomery County-KY-Farmers' Market
1021377,https://www.facebook.com/monticellogafarmersmarket
1011901,https://www.facebook.com/Montour-Falls-Library-140122486056562
1019507,https://m.facebook.com/MontroseFarmersMarket/
1019480,https://www.facebook.com/morelandfarmersmarket/
1018573,Morgan County Farmers Market
1018314,Morgan County Farmers Market
1018317,Morgan County Farmers Market
1021252,Morgan County Farmers Market
1012560,www.facebook.com/morgantonfarmersmarket
1021656,https://www.facebook.com/morningsidefarmersmarket
1021467,Morris Winter Farmers Market
1020162,https://www.facebook.com/MorroBayMainStreetFarmersMarket/
1018926,https://www.facebook.com/MoscowFarmersMarket/
1005559,https://www.facebook.com/profile.php?id=1671726160
1005499,https://www.facebook.com/MountCarrollFarmersMarket
1018991,https://www.facebook.com/mounthopefarm
1004717,https://www.facebook.com/MountPleasantFarmersMarket
1018995,facebook.com/MtPFarMar
1000585,https://www.facebook.com/mountainfreshfarmersmarket
1021307,https://www.facebook.com/Mt-Airy-Farmers-Market-115303871848990
1021288,https://www.facebook.com/mpfarmersmarket
1021287,https://www.facebook.com/mpfarmersmarket
1021571,@mwfarmersmarket
1010316,https://www.facebook.com/MulberryStreetMarket
1012725,http://www.facebook.com/muldoonfarmersmarket
1018924,https://www.facebook.com/groups/1627047027524961/
1018931,MunisingMarket
1019857,https://www.facebook.com/Murrysville-Farmers-Market-452857878198702/
1018903,https://www.facebook.com/MyMatanuskaMarketplace/?ref=bookmarks
1019682,https://www.facebook.com/myersvillefarmersmarket
1011535,www.facebook.com/NapaFarmersMarket
1020055,https://www.facebook.com/narrowsburgfarmmarket/
1003081,Nash County Farmers Market in Rocky Mount
1021715,https://www.facebook.com/navarrofarm.org/
1021642,https://www.facebook.com/NederlandFarmersMarket/
1018702,https://www.facebook.com/NeedhamFarmersMarket/
1019737,https://www.facebook.com/NeoshoFarmersMarket
1021634,Netcong Community Marketplace
1019908,https://www.facebook.com/farmfreshri/
1019725,https://www.facebook.com/New-Baltimore-Farmers-Market-Fan-Page-298736159230/
1012739,https://www.facebook.com/massinmotionnewbedford/
1012738,https://www.facebook.com/massinmotionnewbedford/
1019348,https://www.facebook.com/newbedfordfarmersmarket/
1012737,https://www.facebook.com/massinmotionnewbedford/
1021601,New Era Farmers Market
1019227,https://www.facebook.com/newglarusfarmersmarket/
1021632,https://www.facebook.com/NewHarmonyFarmersMarket
1020043,https://www.facebook.com/newharvestfarmersmarket
1005939,https://www.facebook.com/cityseed
1005991,https://www.facebook.com/#!/NHBCFarmersMarket
1021549,https://www.facebook.com/NewburghNYFarmersMarket
1021708,https://www.facebook.com/newcastlewyfarmersmarket
1012044,https://www.facebook.com/Newmarketfarmersmarket
1019240,https://www.facebook.com/newportbeachFM
1019294,Nicholasville Farmers Market
1010614,https://www.facebook.com/NorfolkFarmersMarket
1021279,https://www.facebook.com/NAlbanyFarmermarket/
1021518,North Branch - Minnesota Farmers Market
1021243,https://www.facebook.com/NorthCantonFarmersMarket/
1021434,https://www.facebook.com/NorthCantonFarmersMarket/
1019407,https://www.facebook.com/NorthCreekFarmersMarket
1018875,www.facebook.com/nefm2014/
1021344,North End Farmers Market
1018184,https://www.facebook.com/northiowafarmersmarket/
1018550,https://www.facebook.com/NorthMarket/
1001059,https://www.facebook.com/WaccamawMarketCooperative/
1009884,https://www.facebook.com/pages/North-Square-Farmers-Market/114897878526668
1019640,Northampton Pa Farmers Market
1003694,https://www.facebook.com/pages/Northbrook-Farmers-Market/145228398876527
1006780,https://www.facebook.com/NortheastFarmersMarket
1010755,Northeast Washington Farmers Market
1002764,https://www.facebook.com/leelanaufarmersmarkets/
1018728,https://www.facebook.com/northridgefarmersmarket/
1019815,https://www.facebook.com/CinciNorthsideFarmersMarket
1021379,madNFM
1021554,https://www.facebook.com/NorthvilleFarmersMarket
1019008,Norwich NY Farmers Market
1019345,https://www.facebook.com/nourishknoxville/
1020054,https://www.facebook.com/CentralFarmMarkets/
1019127,www.facebook.com/nutleyfarmersmarket1
1019828,https://www.facebook.com/groups/OakCreekFarmersMarket/
1021566,Www.facebook.com/oakhillhops
1019488,https://www.facebook.com/events/344006939558658/
1018829,www.facebook.com/oaksquarefarmersmarket
1019223,https://www.facebook.com/oakcrestfarmersmarket
1019971,https://www.facebook.com/OakhurstFarmersMarketGA/
1001839,https://www.facebook.com/OBFM
1006250,https://www.facebook.com/OceanCityNJVacation
1019200,https://www.facebook.com/OceanPinesFarmersArtisansMarketplace/
1021412,Ohio Valley Farmers' Market
1021413,Ohio Valley Farmers' Market
1001271,https://www.facebook.com/ohsufarmersmarket
1021356,https://www.facebook.com/OldCapitolFarmersMarket
1020130,Highland Park Old LA Certified Farmers Market
1020131,Highland Park Old LA Certified Farmers Market
1020146,https://www.facebook.com/UrbanVillageOnFB
1010865,www.facebook.com/oldebeaufortfarmersmarket
1021667,https://www.facebook.com/oldepickeringtonfarmersmarket
1019646,https://www.facebook.com/olympiafarmersmarket/
1018655,www.facebook.com/omahafarmersmarket
1019343,https://www.facebook.com/omahafarmersmarket/
1021685,https://www.facebook.com/OneAfricaMarket/
1001034,https://www.facebook.com/#!/pages/Oneida-Farmers-Market-Wisconsin/157816204275054
1019317,https://www.facebook.com/OnslowCountyFarmersMarket/
1021608,www.facebook.com/FarmersMarketatTheDole
1018807,facebook.com/OrangeCTFarmersMarket
1020114,Orange Home Grown Farmers & Artisans Market 
1018920,@OrangeParkMarket
1008468,https://www.facebook.com/ocfarmersmarket/
1019202,https://www.facebook.com/mercedcfm/
1020198,https://www.facebook.com/OrindaFarmersMarket
1008360,https://www.facebook.com/ormondfarmersmarket
1019416,https://www.facebook.com/Orofino-Farmers-Market-139500116131731/
1019019,Oshkosh Farmers Markets
1019023,Oshkosh Farmers Markets
1019025,Oshkosh Farmers Markets
1021699,https://www.facebook.com/OswegoCountryMarket
1021215,Overbrook Farmers Market
1020023,https://www.facebook.com/ovidfarmersmarket
1021384,https://www.facebook.com/owencountyfarmersmarket
1004212,https://www.facebook.com/OxfordMarket
1021335,oxford farmers market
1012777,www.facebook.com/OxnardFarmersMarket/
1008946,https://www.facebook.com/PacificCityFarmersMarket?ref=hl
1021721,https://m.facebook.com/paducah.homegrown/
1021722,https://www.facebook.com/paducah.homegrown
1021599,Pahrump Farmers' Market
1019723,https://www.facebook.com/Palisades-Indoor-Farmers-Market-NY-198235466870315/
1021648,https://www.facebook.com/PalmasFarmersMarket
1018687,palosheightsfarmersmarket
1011995,https://www.facebook.com/palosverdesfarmersmarket/
1021491,facebook.com/paolafarmersmarket
1021398,https://www.facebook.com/paragouldmarket
1019755,https://www.facebook.com/Parkviewfarmersmarket/
1019761,https://www.facebook.com/Parkviewfarmersmarket/
1006927,https://www.facebook.com/pages/Parkville-Farmers-Market
1019939,paseofarmersmkt
1021417,https://www.facebook.com/patchandpasture/
1019674,Pawling Farmer's Market - Saturdays 9am-1pm
1019910,https://www.facebook.com/farmfreshri/
1021735,https://www.facebook.com/pawtuxetvillagefarmersmarket
1019068,www.facebook.com/payettefarmersmarket/
1021389,https://www.facebook.com/PaysonFarmersMarket
1021718,https://www.facebook.com/thesundaymarketPC
1020175,@CertifiedPVFM
1019685,Peach Street Farmers Market
1018466,https://m.facebook.com/PeachamFarmersMarket/
1019454,facebook.com/pedernalesfarmersmarket
1020072,https://m.facebook.com/PendletonFarmersMarket/?tsid=0.44193321945021247&source=result
1021688,Facebook.com/Pendletonindfarmersmarket
1019854,@PenningtonFarmersMkt
1019822,@perrylecomptonfarmersmarket
1018626,https://www.facebook.com/PetalumaFarmersMarket/
1018627,https://www.facebook.com/PetalumaFarmersMarket/
1010839,https://www.facebook.com/petworthcommunitymarket
1020126,https://www.facebook.com/PhelanCertifiedFarmersMarket/
1020177,Phoenix Hill NuLu Farmer's Market
1007245,https://www.facebook.com/pages/Robert-G-Shaw-Piedmont-Triad-Farmers-Market/144426648949461
1010408,www.facebook.com/CentralFarmMarkets
1021731,https://www.facebook.com/PikeFarmersMarket
1020165,Pikeville Farmers Market
1021380,@PineCityFarmersMarket
1010638,https://www.facebook.com/greenmarketco.op/
1016803,www.facebook.com/CHLDC
1021641,Pittsburg Farmers' Market
1020005,https://www.facebook.com/pittsfieldtwpfarmersmarket
1012268,Plainwell Farmers Market Official
1019344,Plainwell Farmers Market Official
1019616,www.facebook.com/PlattevilleFarmersMarket/
1019615,www.facebook.com/PlattevilleFarmersMarket/
1020019,https://www.facebook.com/playavistaFM
1008213,Pleasants Area Farmers Market
1021455,https://www.facebook.com/PvilleFarmMarket
1004602,https://www.facebook.com/pages/Plymouth-Farmers-Market-Inc/136145306459265
1011146,http://www.facebook.com/poestenkillfarmersmarket
1021485,https://www.facebook.com/pcfmbeltline
1021462,https://www.facebook.com/pontiac.farmers.market/
1019027,https://www.facebook/Port-Chester-Farmers-Market-1440567712732869/
1018986,https://m.facebook.com/portsanilacfarmersmarket
1020037, https://www.facebook.com/PortTownsendFarmersMarket/
1018474,https://www.facebook.com/portlandfarmersmarket/
1018477,https://www.facebook.com/portlandfarmersmarket/
1018478,https://www.facebook.com/portlandfarmersmarket/
1018482,https://www.facebook.com/portlandfarmersmarket/
1018483,https://www.facebook.com/portlandfarmersmarket/
1007797,https://www.facebook.com/Market03801
1018963,https://www.facebook.com/PrairieLakesSunPrairie/
1021263,https://www.facebook.com/prescottfarmersmarket
1021501,https://www.facebook.com/pretzelparkfarmersmarket
1019149,https://www.facebook.com/Price-Farmers-Market-217357654964801/
1019793,https://www.facebook.com/PrinceGeorgeFarmersMarket/
1021617,https://www.facebook.com/pullmanmarket/
1019868,https://www.facebook.com/PurcellvilleFarmersMarket/
1021266,Putnam Farmers Market
1011596,putnamfarmersmarket
1003402,Puyallup Farmers Market
1021618,http://www.facebook.com/qcfarmersmarket
1019477,https://www.facebook.com/QuapawFarmersMarket/
1010145,https://www.facebook.com/QAFarmersMkt
1019315,https://www.thedistrictquincy.com/farmers-market/
1021579,https://www.facebook.com/RailYardsMarket/
1011310,https://www.facebook.com/randolphcountymarket/
1019204,Randolph County Farmers' Market
1019500,redlodgefarmersmarket
1001766,facebook.com@redoakfarmersmarket
1020024,Facebook.com/breada
1021277,https://www.facebook.com/breada
1003610,https://www.facebook.com/breada
1019410,https://www.facebook.com/RedlandCommunityFAM/
1019411,https://www.facebook.com/RedlandCommunityFAM/
1019235,https://www.facebook.com/reidsvillefarmersmarket/
1021615,https://www.facebook.com/ReisterstownFarmersMarket/
1009020,https://www.facebook.com/pages/Rensselaer-Farmers-Market/120400308005878
1019493,https://www.facebook.com/events/2109984659095016/
1002843,https://www.facebook.com/rexburgfarmersmarket/
1018549,https://www.facebook.com/RichmondFarmersMarketIN/
1021272,https://www.facebook.com/RichmondFarmersMarketIN/
1019930,https://www.facebook.com/ridgewayfarmersmarketwi/
1019142,https://www.facebook.com/Family-Health-Centers-Farmers-Market-243660653033996/
1019145,https://www.facebook.com/Family-Health-Centers-Farmers-Market-243660653033996/
1005060,https://www.facebook.com/pages/Rindge-Farmers-and-Crafters-Market/131621310193301
1021312,https://www.facebook.com/RittenhouseFarmersMarket
1021302,https://www.facebook.com/RittenhouseFarmersMarket
1019419,www.facebook.com/riverstreetfarmersmarket
1004073,https://www.facebook.com/RPFMarket
1019418,www.facebook.com/riverfrontfarmersmarket
1000194,https://www.facebook.com/Riverside.Farmers.Mkt
1019259,https://www.facebook.com/rivertownfarmersmarketkenner/
1019927,https://www.facebook.com/farmsintheheights/
1019635,Facebook@riverwalkfarmersmarket
1019070,https://www.facebook.com/RoanokeFarmersMarket/
1019899,Rock Valley Farmers Market (group)
1020173,https://www.facebook.com/RockfordMidtownMarket
1019033,https://www.facebook.com/rockmartfarmersmarket/
1012576,facebook.com/RockvilleFarmersMarket
1021623,https://www.facebook.com/RockyButteFM/
1019048,Rocky Mountain Front Farmers Market
1011286,www.facebook.com/RogersFarmersMarket
1019747,https://www.facebook.com/rogersvillefriendsofthepark/
1003969,https://www.facebook.com/rvgrowersmarket/
1003970,https://www.facebook.com/rvgrowersmarket/
1003971,https://www.facebook.com/rvgrowersmarket
1018637,https://www.facebook.com/rohnertparkfarmersmarket/
1011778,cityofrollingmeadows
1019479,https://www.facebook.com/RonanFarmersMarket/
1018349,https://www.facebook.com/Roosevelt-Community-Farmers-Market-1412573385674026/?ref=bookmarks
1019973,Friends of the Rosa Parks Farmers Market Community Advisory Council
1010821,www.facebook.com/rosecityfarmersmarket
1019194,https://www.facebook.com/roslindalevillagemainstreet/
1019791,https://www.facebook.com/Ross-Twp-Farmers-Market-414344225264700/
1021535,www.facebook.com/farmergeorge.market
1021218,facebook.com/routeonefarmersmarket
1019119,https://www.facebook.com/groups/586850535001520
1021451,RSfarmersmarket
1003915,Rusk County Farmers Market
1019620,@russellvilleCM
1021646,russianriverfarmersmarket 
1021503,https://www.facebook.com/RussiavilleFM
1018975,www.facebook.com/RustonFarmersMarket
1019825,https://m.facebook.com/saintmaryfarmersmarketgv/
1019734,SaintParis FarmersMarket
1005214,https://www.facebook.com/SalemVaMarket
1021613,www.facebook.com/SalemMAFarmersMarket
1019211,https://www.facebook.com/salemnhfarmersmarket/?ref=bookmarks
1004988,https://www.facebook.com/pages/Saline-Farmers-Market/199592293395735
1004990,https://www.facebook.com/pages/Saline-Farmers-Market/199592293395735
1021724,@SalisburyMAFarmers 
1002485,https://www.facebook.com/SalmonCreekFarmersMarket
1019428,https://www.facebook.com/Salomon-Farm-Park-134187289927760/
1018449,https://www.facebook.com/SanfordFarmersMarket/
1020185,https://www.facebook.com/UrbanVillageOnFB
1021645,@santarosaoriginalfarmersmarket
1018625,https://www.facebook.com/santarosacommunityfarmersmarket/
1018315,https://www.facebook.com/Santa-Rosa-Downtown-Market-Wednesday-Night-Market-293742913694/
1011160,https://www.facebook.com/FarmersMarketSantaRosa
1007261,https://www.facebook.com/SaraHardyFarmersMarket
1008303,https://www.facebook.com/pages/Saracen-Landing-Farmers-Market/384646718262191
1012203,https://www.facebook.com/ausablevalleygrangefarmersmarkets/
1021577,https://www.facebook.com/Lake-County-Farmers-Finest-124667697570982
1007250,https://www.facebook.com/SaugertiesFarmersMarket
1021558,https://www.facebook.com/ScituateFarmersMarket
1021707,@scituatefarmersmarketri  
1012037,https://www.facebook.com/ScotchPlainsFarmersMarket/
1019627,Scotland Farmer's Market
1020088,hhttps://www.facebook.com/gtown.scottco.farmersmarket/
1019515,Scottsville Midweek Farmers' Market
1019445,https://www.facebook.com/Southeastfarmersgrowers43232/
1018167,facebook.com/seacoasteatlocal
1018172,facebook.com/seacoasteatlocal
1019237,https://www.facebook.com/sealyfm/
1021693,https://www.facebook.com/Searcy-County-Farmers-Market-1581639858749229
1021664,https://www.facebook.com/SeasideORFarmersMarket
1021233,https://www.facebook.com/secotanmarket/
1018773,https://www.facebook.com/SedaliaFarmersMarket/
1019610,https://m.facebook.com/Seed2Seed-Farmers-Market-2419667011596134/
1019442,https://www.facebook.com/SenecaFallsFarmersMarket/
1019395,https://m.facebook.com/SevierCountyFarmersMarketDeQueenArkansas
1021700,https://www.facebook.com/sewardnefarmersmarket/
1010838,https://www.facebook.com/ShallotteFarmersMarket
1019455,https://www.facebook.com/shawanofarmersmarket
1021429,www.facebook.com/cityofshawnee
1001280,https://www.facebook.com/pages/Shelby-County-Farmers-Market/
1019976,https://www.facebook.com/shelbycofarmersmarket
1020103,Shepherdsville Farmer's Market 
1018988,https://www.facebook.com/Shiloh-Farmers-Market-508150235911225/
1019319,https://www.facebook.com/shorelinefarmersmarket
1012179,https://www.facebook.com/shorewoodfarmersmarket/
1020004,https://www.facebook.com/ShreveportFarmersMarket
1021397,Facebook.com/SiloamSpringsFarmersMarket
1018771,www.facebook.com/silvercityfarmersmarket/
1021219,https://www.facebook.com/silvercityfarmersmarket
1011044,wwww.facebook.com/silverlake.cfm
1016822,https://business.facebook.com/silvervalleymarket/?business_id=522814814564925
1018601,Facebook/SilverdaleFarmersMarket
1011811,https://www.facebook.com/simivalleycertifiedfarmersmarket/
1010560,Sioux City Farmers Market
1003169,www.facebook.com/SitkaLocalFoodsNetwork
1018814,www.facebook.com/sleepingdragonfarmersoutlet
1019869,https://www.facebook.com/SRCFM/
1020163,https://www.facebook.com/farmsupplyfarmersmarket/
1010014,https://www.facebook.com/pages/Smith-County-Farmers-Market/253009170501
1020022,https://www.facebook.com/socofm
1019926,https://www.facebook.com/SodusFarmersMarket/?eid=ARAx1anugPLGTuAOgrSyAlxV8qSLvqleZBvkN3fo2Pe5yANpwQzvWSFcv6MK2K1anPvrVy_2sGgpGRfe
1020159,SoKY Marketplace
1003836,https://www.facebook.com/SolanaBeachFarmersMarket
1019829,Facebook.com/soldotnasaturdayfarmersmarket
1019671,https://www.facebook.com/Somerset-County-Farmers-Market-139142146101195/
1020039,www.facebook.com/shapeupsomerville
1020040,www.facebook.com/shapeupsomerville
1011934,facebook.com/shapeupsomerville
1011935,facebook.com/shapeupsomerville
1019803,https://www.facebook.com/SoutelCommunityMarket/
1021697,https://www.facebook.com/SouthCollierFarmersMarket
1019385,South Cumberland Farmers Market
1018138,https://www.facebook.com/seafmfarmermarket/
1021214,https://www.facebook.com/southendmarketclt
1019599,https://www.facebook.com/southforkgtx/
1002526,https://www.facebook.com/southhillfarmersmarket
1019511,South Lyon Farmers and Artisans Market 
1010445,https://www.facebook.com/smdowntownmarket
1021553,https://www.facebook.com/SOVillageCenter
1019091,www.facebook.com/southsidefarmersmarket
1018098,Southside Junction Farmers Market
1021563,https://www.facebook.com/SouthWaterfrontFarmersMarket
1021589,https://www.facebook.com/SWPRD
1002063,https://www.facebook.com/pages/Southern-Tier-Farmers-Market/165092373544019
1019979,https://www.facebook.com/MondayMorningMarket/
1021326,Metro Denver Farmers' Market
1005560,https://www.facebook.com/swvafarmersmarket
1018952,Spanish Peaks Farm Stand
1021568,www.facebook.com/sparksumcevents
1019173,Speedway Farmers Market
1019784,https://www.facebook.com/SpotsyFarmersMarket/
1019452,https://www.facebook.com/SpotsyFarmersMarket/
1019782,https://www.facebook.com/SpotsyFarmersMarket/
1021394,Springdale Farmersâ€™ Market at the Jones Center 
1021670,www.facebook.com/stjohnmarket
1018312,https://www.facebook.com/stjohnsfarmersmarket/
1021466,www.facebook.com/stlouisfm
1019628,https://www.facebook.com/stmariesfarmersmarkets/
1020176,https://www.facebook.com/SMFarmersMarket/
1019675,https://www.facebook.com/loveyourfarmer/
1012278,https://www.facebook.com/Saturday-Morning-Market
1021483,https://www.facebook.com/stphilipsplazamarket/
1012766,Stafford Community Farmers Market
1018211,Stanly Commons Farmers Market
1021526,@staytonfarmersmarket
1012100,https://www.facebook.com/pages/Springfield-Technical-Community-College/109746082384737?fref=ts
1018918,https://www.facebook.com/STCCOpenAirMarket/
1021333,https://www.facebook.com/SteelvilleMarket/
1021334,https://www.facebook.com/SteelvilleMarket/
1010057,https://www.facebook.com/StonesRiverMarket
1019526,@StowCommunityFarmersMarket
1018451,https://www.facebook.com/stowefarmersmarket
1012116,https://www.facebook.com/SuffolkFarmersMarketVirginia/
1019545,https://www.facebook.com/LetsGrowAkron/
1019036,Sumter Farmers Market
1019112,Facebook.com/COFeedGrain
1007271,https://www.facebook.com/FarmersMarketAtADC
1020186,https://www.facebook.com/UrbanVillageOnFB
1021432,Superior Farm-to-Fantastic Farmer's Market
1009707,https://www.facebook.com/WaccamawMarketCooperative/
1008173,https://www.facebook.com/SurfsideSunsetMarket
1020149,https://www.facebook.com/ModocCFM/
1019481,https://www.facebook.com/Sustain.Greenville.Market/
1021643,https://www.facebook.com/SFCFarmersMarket/
1021644,https://www.facebook.com/SFCFarmersMarket/
1002765,https://www.facebook.com/leelanaufarmersmarkets/
1019981,@cityofsuwaneeGA
1021313,https://www.facebook.com/swarthmorefarmersmarket
1018923,https://www.facebook.com/sundaymarket/
1019015,https://www.facebook.com/tahoecityfarmersmarket/
1020036,Shirley's Farmers' Markets
1018476,Www.facebook.com/taosfarmersmarket
1020073,Facebook.com/TaylorsvilleFarmersMarket
1011738,https://www.facebook.com/saturdaymarket
1019138,Teamjaffreymarket
1003982,https://www.facebook.com/thetelluridefarmersmarket/?modal=admin_todo_tour
1020147,https://www.facebook.com/UrbanVillageOnFB
1019075,https://www.facebook.com/ttfarmersmarket/
1021694,https://www.facebook.com/teninofarmersmarket
1010998,https://www.facebook.com/Terrehautedowntownfarmersmarket
1000710,https://www.facebook.com/TFMLakeline
1021616,www.facebook.com/TFMMueller/
1018279,https://www.facebook.com/TexasTownshipFarmersMarket/
1021235,https://www.facebook.com/WheeMarket/?view_public_for=461052543905947
1021204,Albemarle farmersmarket
1020049,https://www.facebook.com/Americanlegionfarmersmarket/
1019933,https://www.facebook.com/theberlinfarmersmarket
1021203,https://www.facebook.com/TheBlvdFarmersMarket
1019596,https://www.facebook.com/thecapitalmarket20743
1018959,https://www.facebook.com/ClarksvilleDowntownMarket/
1021254,https://www.facebook.com/walkerelamcornermarket/
1019303,www.facebook.com/creedefarmersmarket
1019544,http://www.facebook.com/eastendfm
1019775,http://bit.ly/thefairfieldfarmersmarket
1019931,the Farm Market
1019948,https://www.facebook.com/thefarmmarket/
1019166,https://www.facebook.com/farmersmarket.umd/
1019626,"From the Farm, LLC"
1019751,@FarmMarketRutherfurdHall
1021304,https://www.facebook.com/FarmToCity
1019697,https://www.facebook.com/MARTAFresh/
1019700,https://www.facebook.com/MARTAFresh/
1019699,https://www.facebook.com/MARTAFresh/
1019698,https://www.facebook.com/MARTAFresh/
1019696,https://www.facebook.com/MARTAFresh/
1021276,https://www.facebook.com/TheGrovesMarketplace
1021619,The Historic City Market
1012357,https://www.facebook.com/IndianShoresSundayMarket/
1019001,The Lewis Co. Farmers Market
1021659,https://www.facebook.com/thelmhmarket/photos/?ref=page_internal
1019504,https://www.facebook.com/TheMarketatLongValley/
1019966,https://www.facebook.com/The-Market-at-Second-Stage-994201827398686
1021702,www.facebook.com/WhiteRiverStatePark/
1016917,facebook.com/petersburgmarket
1019928,@themarketplaceatleebranch
1011497,The Markets at Shrewsbury
1019517,https://facebook.com/monroectfarmersmarket
1002101,https://www.facebook.com/OrangeFarmersMarket
1019739,https://facebook.com/orchardfarmersmarket/
1019826,https://www.facebook.com/GreshamFarmersMarket
1019975,The Peopleâ€™s Market
1018628,https://www.facebook.com/petalumaeastsidefarmersmarket/
1018624,https://www.facebook.com/TheSpringsCommunityFarmersMarket/
1000278,www.facebook.com/TheTerritoryFarmersMarket
1020015,Facebook.com/LittleFallsFarmersMarket
1010798,htwww.facebook.com/ShirleysFarmersMarketsNV
1012799,@westriverfarmersmarket
1021586,https://www.facebook.com/thewilmingtonfarmersmarket/
1008826,https://www.facebook.com/pages/The-Woodland-Farmers-Market/128409933892000
1008827,https://www.facebook.com/pages/The-Woodland-Farmers-Market/128409933892000
1019228,www.facebook.com/thiefriverfallsfarmersmarket
1017961,https://www.facebook.com/MarinFarmersMarkets/
1009802,https://www.facebook.com/tigardfarmersmarket
1021562,https://www.facebook.com/titusvilleopenairmarket
1021744,https://www.facebook.com/TivertonFarmersMarket
1021447,https://www.facebook.com/Tontitown-Farmers-Market-101353608349771/
1019963,https://www.facebook.com/torringtonwyfarmersmarket/
1021490,https://www.facebook.com/TosaFarmersMarket
1019393,www.facebook.com/townofhillsvillefarmersmarket/
1019213,https://www.facebook.com/wadleyfarmersmarket/
1006324,Townshend Farmers Market
1021745,facebook.com/travelersrestfarmersmarket
1021343,https://www.facebook.com/search/top?q=tremont%20farmers%27%20market
1018933,https://www.facebook.com/troutcreekfarmersmarket/
1020002,facebook.com/troywaterfrontfarmersmarket
1019632,Tuesday Farmers Market at Meridianville
1018397,https://www.facebook.com/pages/Bloomington-Community-Farmers-Market/130635957114110
1021576,https://www.facebook.com/Tuesday-Farmers-Market-at-Library-Park-238157099542658/?ref=pages_you_manage
1018283,tupelo farmers depot
1019349,https://www.facebook.com/TuscaloosaFarmersMarket/
1012573,Twin Bridges ALL YEAR Farmers Market
1005493,https://www.facebook.com/twincityfarmersmarket
1018968,Union County Farm & Craft Market
1019215,facebook.com/unioncountyfm
1019925,https://www.facebook.com/UnionCountyFarmersMarket/
1019540,https://www.facebook.com/unionsquaremarkets/
1018634,Union Street Farmers Market
1021305,https://www.facebook.com/FarmToCity
1021726,https://www.facebook.com/chicagomarket
1001886,https://www.facebook.com/uptownumbrellamarket/
1019105,https://www.facebook.com/uptowngreenwoodmarket/
1019448,https://www.facebook.com/MarketWednesday/
1019342,https://www.facebook.com/UrbanHarvestHouston/
1018852,urbanafarmersmarket
1019498,https://www.facebook.com/UrbanaLibraryFarmersMarket/
1018535,Vance County Regional Farmers Market
1019692,https://www.facebook.com/vanderbiltfarmersmarket
1012325,www.facebook.com/vashonfarmersmarket
1018597,https://www.facebook.com/groups/VAFarmersMarket/
1018598,https://www.facebook.com/groups/VAFarmersMarket/
1019078,The Vermont Farmers Market
1019080,The Vermont Farmers Market
1019182,Nevada Vernon County Farmers Market
1020048,https://www.facebook.com/NAFarmMarket/?ref=bookmarks
1012247,Vicksburg Farmers' Market
1019513,https://www.facebook.com/VictoriaFarmersMarket/
1012297,https://www.facebook.com/VillageMarketSlavicVillage/
1018155,Constantine Farmers' Market
1019645,http://www.facebook.com/VillageofLemont
1006342,Vincennes Historic Farmers Market
1021297,@vinestreetmarketofallon
1018214,https://www.facebook.com/VineyardFarmersMarket/
1021487,www.facebook.com/VirginiaHighlandFarmersMarket
1021251,https://www.facebook.com/urbanoasisproject
1018504,https://www.facebook.com/VoluntownFarmersArtisansMarket/
1001925,https://www.facebook.com/VoorheesvilleFarmersMarket
1010394,www.facebook.com/wabashafm
1019155,https://www.facebook.com/WacoDowntownFarmersMarket/
1021537,@wagonermarket
1019489,https://www.facebook.com/events/420079218795888/
1021340,https://www.facebook.com/WallingfordFarmersMarket
1020197,https://www.facebook.com/WalnutCreekFarmersMarket
1018219,Wapello County  Farmers Market
1021366,https://www.facebook.com/events/2544980005810836
1018552,www.facebook.com/waterfrontfarmersmarketgigharbor/
1020021,https://www.facebook.com/rotaryfarmarket
1019394,https://www.facebook.com/Watertown-CT-Farmers-Market-296552447624881/
1018319,https://www.facebook.com/watfordmarket/
1001962,https://www.facebook.com/WaukonFM
1011229,https://www.facebook.com/WayxGreen/
1019613,https://www.facebook.com/groups/marketonmainstreet/
1004499,https://www.facebook.com/pages/Wayland-Summer-Farmers-Market/216269755070032
1019016,Wayne County Farmers Market
1021559,Wayne County Farmers Market 
1012485,https://facebook.com/WSUFarmersMarket/
1020047,https://www.facebook.com/WboroFM/
1019124,https://www.facebook.com/Waynesburg-Farmers-Market-236396956398280/
1021709,https://www.facebook.com/weaverlibraryfarmersmarket
1021452,https://www.facebook.com/WebbCityFarmersMarket
1000384,https://www.facebook.com/pages/Websters-Joe-Obbie-Farmers-Market-Inc/271407932889827
1019864,https://www.facebook.com/indianafarmmarket/
1012212,Weiser Farmers Market
1019641,https://www.facebook.com/Harrison-County-Iowa-Welcome-Center-198265796855610/
1019114,https://www.facebook.com/WellfleetFarmersMarket/
1002890,https://www.facebook.com/wellingtonsquarefarmersmarket
1002280,https://www.facebook.com/pages/WesMar-Farms
1019067,https://www.facebook.com/WestEndCommunityMarket/
1021569,https://www.facebook.com/WestHavenFarmersMarket/
1018650,https://www.facebook.com/WestLaFarmersMarket/
1011203,www.facebook.com/westlafayettefarmersmarket
1019424,https://www.facebook.com/WestOrangeFM
1019657,www.facebook.com/WestPlainsAreaFarmersMarket/
1002177,https://www.facebook.com/pages/WestPointTownofHighlandsFarmersMarket
1016908,https://www.facebook.com/PresenceHealth/
1019911,https://www.facebook.com/farmfreshri/
1010319,https://www.facebook.com/westchasedistrictfarmersmarket
1019509,www.facebook.com/WestcliffeFarmersMarket
1021367,@westerlypawcatuckfarmersmarket
1019364,https://www.facebook.com/RainelleRupertQuinwood/
1019444,Westerville Saturday Farmers Market
1021274,Westfieldfarmersmarket
1019797, https://www.facebook.com/WestgateFarmersMarket/
1021246,https://www.facebook.com/WestlandFarmersMarket
1002816,https://www.facebook.com/pages/Westminster-Farmers-Market/133750303302808?ref=hl
1020070,https://www.facebook.com/westportrdbaptistfarmersmarket
1001661,https://www.facebook.com/WestsideCommunityMarket
1021217,www.facebook.com/WestsideCommunityMarket
1004515,https://www.facebook.com/nwlansing
1005280,www.facebook.com/santacruzfarmersmarket/
1020020,https://www.facebook.com/farmermarkwv
1021258,https://www.facebook.com/weyfarmersmarketprograms
1020010,https://www.facebook.com/WHFarmersMarket/
1021488,https://www.facebook.com/AZWhiteMountainsMarket
1019955,https://www.facebook.com/SaturdayFarmersMarket
1020157,WCfarmersmarket
1020156,WCfarmersmarket
1019221,@whittierfarmersmarket
1019069,WTGPA 
1018274,https://www.facebook.com/wilkescountyfarmersmarket/
1021720,https://www.facebook.com/WilliamsburgFM
1019337,https://www.facebook.com/WilliamsonFarmersMarket/
1020187,https://www.facebook.com/UrbanVillageOnFB
1019433,winchfarmmkt
1019369,WinchesterMainStreet
1011274,@winchesterrdfarmersmarket
1021231,https://www.facebook.com/WindmillParkFarmersMarket
1019229,Winnsboro Farmers' Market
1019848,https://www.facebook.com/GrowOakRidge/
1019653,facebook.com/downtowngreenbay
1019449,www.facebook.com/foodforthoughtmarkets
1019463,https://www.facebook.com/WRDowntownFM/
1008231,https://www.facebook.com/WiseSpecialEvents
1019845,https://www.facebook.com/WncFarmersMarket/
1009027,https://www.facebook.com/wolfeboroareafarmersmarket
1019098,Wolfforth Farmers Market
1020138,https://www.facebook.com/WoodfordCountyFarmersMarket/
1020168,https://www.facebook.com/WoodfordCountyFarmersMarket/
1019038,https://www.facebook.com/woodstockfarmfestival/
1005140,https://www.facebook.com/dtwoodstock
1021317,https://www.facebook.com/woodstockfarmersmarket
1021386,https://www.facebook.com/woodstockfarmersmarket
1021385,https://www.facebook.com/woodstockfarmersmarket
1011337,Woodward Farmers Market Association
1021328,https://www.facebook.com/wooleryfarmersmarket/
1019912,https://www.facebook.com/farmfreshri/
1007309,https://www.facebook.com/WrightstownFarmersMarket
1017915,Wytheville Farmers Market
1019708,https://www.facebook.com/YardleyFarmersMarket/
1018508,https://www.facebook.com/YardleyFarmersMarket/
1007259,https://www.facebook.com/PennYan.Farmers.Market
1002366,https://www.facebook.com/YGFarmersMarket
1019508,https://www.facebook.com/yorktownfarmersmarketplace
1019247,https://www.facebook.com/yourneighborhoodfarmersmarket/
1019245,https://www.facebook.com/yourneighborhoodfarmersmarket/
1019246,https://www.facebook.com/yourneighborhoodfarmersmarket/
1019250,https://www.facebook.com/yourneighborhoodfarmersmarket/
1019242,https://www.facebook.com/yourneighborhoodfarmersmarket/
1019244,https://www.facebook.com/yourneighborhoodfarmersmarket/
1019327,https://www.facebook.com/YpsilantiFarmersMarkets/
1021545,https://www.facebook.com/29palmsfarmersmarket
1019863,https://www.facebook.com/zebulonfarmfreshmarket/
1019792,https://www.facebook.com/ZelieHarmonyFarmersMarket/
