1000709,visithighlandsnj - Instagram
1019956,IG @29palmsfarmersmarket
1018965,Instagram: 
1019695,https://www.instagram.com/abitasprings.farmersmarket/
1021442,instagram.com/acohfarmersmarket
1019351,www.instagram.com/adamscountyfarmersmarket
1019847,https://www.instagram.com/adamsriccifarmersmarket/
1008961,http://instagram.com/adaptationskona
1019203,http://www.instagram.com/agfarmersmarket
1012233,https://www.instagram.com/agricenterinternational/
1008612,http://pinterest.com/441market
1018304,https://www.instagram.com/alamoheightsfm/?hl=en
1021689,https://www.instagram.com/albanyorfarmersmarket/
1021464,https://www.instagram.com/alexandriafarmersmarket/
1012389,Instagram: Aloha Community Farmers' Market
1020060,https://www.instagram.com/andovermafarmersmarket/
1019484,@fairfaxfarmmarkets
1021359,@aquidneckgrowers
1021733,@aquidneckgrowers
1021732,@aquidneckgrowers
1021627,https://www.instagram.com/astoriasundaymarket/?hl=en
1018033,https://www.instagram.com/athensfarmersmarket/
1018032,https://www.instagram.com/athensfarmersmarket/
1021225,https://www.instagram.com/atwatervillagefm/
1021534,https://www.instagram.com/farmergeorge.market/?hl=en
1019126,@afplct (instagram)
1021528,https://www.instagram.com/backyardmarketinbf/
1021530,https://www.instagram.com/backyardmarketinbf/
1021529,https://www.instagram.com/backyardmarketinbf/
1021338,https://www.instagram.com/sfmamarkets/
1020029,#barrowcountyfarmersmarket
1000436,http://www.pinterest.com/dlpr/bastrop-1832-farmers-market/
1021540,https://www.instagram.com/bataviafarmersmarket/?hl=en
1018735,Instagram
1019400,https://www.instagram.com/bedminsterfarmersmarket/?hl=en
1010607,Instagram  @belairfm
1002064,www.thebelmontfarmersmarket.com
1005183,IG @bsfarmersmarket
1021628,https://www.instagram.com/berwickwinterfarmersmarket/
1010406,http://dishingthedirtblog.wordpress.com/
1012494,instagram.com/bethlehemfarmersmarket
1011829,instagram.com/bloomfieldpgh
1018563,https://www.instagram.com/bloomingtonwinterfarmersmarket/
1019932,https://www.instagram.com/blueashfarmersmarket/
1018092,https://www.instagram.com/baltimoremuseumofindustry/
1021248,https://www.instagram.com/braeswoodfarmersmarket/
1018227,https://www.instagram.com/braintreefarmersmarket/
1019984,https://www.instagram.com/brocktonfarmersmkt/
1018891,instagram.com/hernandogrowers
1021262,Instagram: broomecountyregionalfarmersmkt
1019727,https://www.instagram.com/brownsburgfarmersmarket/
1000843,burbankfarmersmarket
1019492,@fairfaxfarmmarkets
1021524,Instagram @burkeareafarmersmarket
1019965,https://www.instagram.com/bfmvermont/
1021728,Instagram 
1021238,https://www.instagram.com/buylocalfarmersmarket/
1019978,Instagram @murphysfarmersmarket
1020188,https://www.instagram.com/urbanvillage/
1020160,https://www.instagram.com/cambriafarmersmarket/
1020183,https://www.instagram.com/urbanvillage/
1002674,Facebook.com/CamelliaCityMarket 
1020184,https://www.instagram.com/urbanvillage/
1009034,Instagram @canaldistrict
1019810,https://www.instagram.com/canalmarketdistrict/
1021655,https://www.instagram.com/cape.riverfront.market/
1008450,www.edibleparadise.com
1006651,https://www.instagram.com/carnationfarmersmarket/
1021269,https://www.instagram.com/carrborofarmersmarket
1021213,IG: carsonfarmersmarket 
1019842,instagram
1018734,https://www.instagram.com/celinafridaynightmarket/
1021226,https://www.instagram.com/centralavefm/
1019618,https://www.instagram.com/centralkitsapfm/
1020142,@certifiedfarmersmarketscv (Instagram)
1020141,@certifiedfarmersmarketscv (Instagram)
1021564,https://www.google.com/search?client=firefox-b-1-d&q=champlain+islands+farmers+market+instagram
1021741,Instagram: @clt_farmersmarket
1004754,www.instagram.com/chelseafarmersmarket
1021199,IG @cityheightsfm
1017956,https://www.instagram.com/northadamsfarmersmarket/
1021433,https://www.instagram.com/sevenhillsfarmersmarket/
1005940,instagram: @cityseedhaven 
1005941,instagram: @cityseedhaven 
1019206,Instagram: cityseedhaven
1005943,instagram: @cityseedhaven 
1019110,cleburnefarmers   Instagram
1019704,https://www.instagram.com/clevelandparkfarmersmarket/
1019823,https://www.instagram.com/clintonfarmersmarketny/
1019474,"TV, Radio, Newpaper, Billboard"
1018969,https://www.instagram.com/coastalgrowers/
1019821,https://www.instagram.com/coastalgrowers/
1020135,#coastsidefarmersmarkets
1020137,#coastsidefarmersmarkets
1019790,https://www.instagram.com/columbiafarmersmarket/
1019199,Instagram: thecolumbusksproject
1021541,Instagram: @comethrupdx
1019042,instagram.com/ctoldstatehouse
1006766,https://www.instagram.com/coosbayfarmersmarket/
1018190,www.instagram.com/coralvilleparksrec
1021639,Instagram: @corneliusfarmersmarket
1012666,https://www.instagram.com/ccdowntownfm/
1021691,https://www.instagram.com/corvallisfarmersmarket/
1018629,Instagram communitymarkets
1004382,Instagram @cottinshardware 
1019530,https://www.instagram.com/countrysidefoodandfarms/
1019529,https://www.instagram.com/countrysidefoodandfarms/
1019531,https://www.instagram.com/countrysidefoodandfarms/
1019325,www.instsgram.com/coventryfarmersmarket
1019296,https://www.instagram.com/covingtonfarmersmarket/
1021330,https://www.instagram.com/crawfordsvilleinfarmersmarket/
1021331,https://www.instagram.com/crawfordsvilleinfarmersmarket/
1021227,https://www.instagram.com/crenshawfm/
1019260,https://www.instagram.com/crescentcityfarmersmkt/
1019261,https://www.instagram.com/crescentcityfarmersmkt/
1019262,https://www.instagram.com/crescentcityfarmersmkt/
1002470,https://instagram.com/downtownfremont
1012365,Instagram: @CrossroadsNtwk
1019701,@culverfarmersmarket (instagram)
1019702,@culverfarmersmarket (instagram)
1019539,Instagram= @farmersmarketinthefalls
1004516,instagram 
1019163,@dardanellefarmersmarket on Instagram
1019100,http://www.instagram.com/daybreakfarmersmarket
1021457,https://www.instagram.com/desotofarmersmarket/
1021570,https://www.instagram.com/decorah_farmers_market/
1011103,https://www.instagram.com/dekalbfarmersmarket/
1002536,www.edibleparadise.com
1018416,Instagram @DelcambreMarket
1020191,IG: delraygreenmarket  IG: delraygreenmarketdogs
1021591,https://www.instagram.com/delridgefarmersmarket/
1021649,https://www.instagram.com/CommunityMarket/
1018816,instagram
1009894,https://www.instagram.com/downtoearthmkts
1021296,https://www.instagram.com/downtoearthmkts
1010954,https://instagram.com/downtoearthmkts/
1016793,https://www.instagram.com/downtoearthmkts
1010969,https://www.instagram.com/downtoearthmkts
1010972,https://instagram.com/downtoearthmkts/
1010958,http://www.instagram.com/downtoearthmkts/
1016792,https://www.instagram.com/downtoearthmkts
1009895,https://www.instagram.com/downtoearthmkts
1010982,https://instagram.com/downtoearthmkts/
1010960,instagram.com/downtoearthmkts/
1016867,Instagram:  downingtownfm
1020064,https://www.instagram.com/ecology.center/?hl=en
1020000,Instagram- @bloomingtonmarket
1020001,Instagram- @bloomingtonmarket
1019370,https://www.instagram.com/downtowncantontx/
1000841,Downtown Denison Farmers Market (FaceBook business page)
1002400,instagram: @downtownfarmersmarketmky
1019856,instagram: @downtownfarmersmarketmky
1012243,https://www.instagram.com/downtownfdl/
1012256,https://www.instagram.com/downtownfdl/
1018621,Instagram communitymarkets
1019721,https://www.instagram.com/paloaltofarmersmarket/
1021716,https://www.instagram.com/dtphxfarmersmarket/
1005281,www.instagram.com/santacruzfarmersmkts/
1019525,https://www.instagram.com/DowntownYakimaFarmersMarket/
1005197,https://www.instagram.com/dbqfarmersmarket/
1018953,Instagram: @durangofarmers
1000312,www.instagram.com/durhamfarmersmarket/
1021275,https://www.instagram.com/buylocalfarmersmarket/
1018159,https://www.instagram.com/communityfarmersmarkets/?hl=en
1021303,instagram.com/eastbostonfarmersmarket
1021414,instagram.com/eastbostonfarmersmarket
1019079,Instagram: @eglibrary
1020133,https://www.instagram.com/ehfarmersmkt/
1011113,@eastnashvillefarmersmarket (Instagram)
1020172,https://www.instagram.com/freshapproachbayarea/?hl=en
1009867,https://www.instagram.com/eastonfarmersmarket
1019624,https://www.instagram.com/eastsidesundaymarket/
1021710,https://www.instagram.com/eatdrinkri/
1021228,https://www.instagram.com/echoparkfm/
1019921,Elginfarmersmarket (IG)
1018900,https://www.instagram.com/ellingtonfm/
1018898,Www.instagram.com/ellingtonfm
1002657,https://www.instagram.com/emmausfarmmkt
1019398,https://www.instagram.com/joplinempiremarket
1019687,http://www.instagram.com/EnumclawPlateauFarmersMarket/
1020053,instagram:  etnafarmersmarket
1018622,Instagram communitymarkets
1019049,instagram.com/FairlandFarmersMarket
1019841,IG:  lineage_market
1021514,https://www.instagram.com/caldwellfarmersmarket/
1019705,Instagram.com/FMNScottsdale
1021620,Instagram - @MadFarmersMarket
1021538,https://www.instagram.com/farmersmarketogden/
1021581,https://www.instagram.com/farmersmarketongrandparkway/
1021595,Instagram
1019862,https://www.instagram.com/farmersonthesquare/
1002721,www.instagram.com/santacruzfarmersmkts/
1021665,@fernleypoolsidefarmersmarket
1020193,instagram.com/cuesa
1020008,instagram.com/fightingvillefreshmarket/
1019677,Instagram
1021453,www.instagram.com/fondymarkets
1000958,Forest Farmers' Market
1021638,Instagram: @forestgrovefarmersmarket
1021680,Instagram
1018505,None
1002880,https://www.instagram.com/frankenmuth_farmers_market/
1019298,https://www.instagram.com/franklincountyfarmersmarket/
1019147,https://www.instagram.com/discoverdowntownfranklin/
1021565,www.Instagram.com/FranktonTownMarket
1012429,https://www.instagram.com/freedomfarmersmkt/
1021353,www.instagram.com/freighthousefarmersmarket
1019600,freiheitvillagefm
1019404,https://instagram.com/freshapproachbayarea/
1018671,https://www.instagram.com/freshfarmdc/
1021552,https://www.instagram.com/fortthomasfarmersmarket/
1019762,https://www.instagram.com/ftwaynesfm/?hl=en
1019285,Instagram:  ftwaynesfm
1019998,Instagram: fulshear_farmers_market
1019949,instagram fultonstallmarket
1021590,https://www.instagram.com/fvgrowersmarket/
1021444,https://Instagram.com/Galenaksmarket/
1021730,https://www.instagram.com/galenaksmarket/
1019630,www.instagram.com/gallatinfarmersmarket/
1019728,https://www.instagram.com/explore/locations/427672397422019/garfield-park-farmers-market/
1021662,https://www.instagram.com/gpccouncil/
1021461,instagram.com/gilbertmarket
1019710,https://www.instagram.com/gffarmersmarket/
1019414,https://www.instagram.com/glenwoodsundaymarket
1020050,goodlocalmarkets
1017947,@leapmarkets Instagram
1019989,Instagram - Grassroots FM
1009808,instagram.com/greatfallsfarmersmarkettf
1021456,facebook.com/HHTraining Center
1021289,@greeleyfarmersmarket
1021319,www.instagram.com/greencitymarket
1021320,www.instagram.com/greencitymarket
1004849,https://www.facebook.com/pages/Piedmont-Park-Conservancy/112803705441290?ref=hl
1019805,https://www.instagram.com/greenbelt.farmersmarket/
1018472,www.gretnala.com
1021382,@grinnellfarmersmarket
1021536,https://www.instagram.com/grovefarmmarket/
1021247,http://instagram.com/growingaugusta
1021584,https://www.instagram.com/hamiltonparkfarmersmarket
1021583,@hanafarmersmarket
1006425,instagram.com/hanalei_farmersmarket
1021696,www.instagram.com/harlingenfarmersmarket
1002335,https://www.instagram.com/harvesthomemkts/
1018282,http://instagram.com/haymakerfarmersmarket
1020044,http://pinterest.com/haymakermarket
1021671,https://www.instagram.com/hnafarmersmarket
1021672,https://www.instagram.com/hnafarmersmarket
1019757,www.instagram.com/wehorec
1019192,Instagram
1021282,Instagram @heritageacresfarm
1019486,@fairfaxfarmmarkets
1021355,ig:@good4lifemarkets
1019220,https://www.instagram.com/highpointfarmersmarket/?hl=en
1019959,https://www.instagram.com/hillsboromarkets/
1019962,https://www.instagram.com/hillsboromarkets/
1021208,Instagram: https://www.instagram.com/hdsid_jc/?hl=en
1010937,Facebook/Historic Farmers Market of Lapeer
1021533,www.instagram.com/historiclafayettefarmersmarket
1021516,https://www.instagram.com/historiclewesfarmersmarket/?hl=en
1011761,marionbizassociation
1018972,Instagram: @newburghfarmersmarket
1021229,https://www.instagram.com/thehfm/
1012076,@HoodRiverFarmersMarket
1019819,Hoodland Farmers Market (Instagram)
1021705,https://www.instagram.com/hopemain/
1021711,http://www.instagram.com/hopestreetmarket
1021610,https://www.instagram.com/carbondalemarket/
1021612,https://www.instagram.com/carbondalehdfm/
1019586,Instagram @dwntwnhutto
1011325,@hyattsville_farmers_market
1021703,https://www.instagram.com/hydeparkfarmersmarket
1006376,http://www.seewhatconversecando.com/
1018343,https://www.instagram.com/jcfarmmarket/
1019263,www.instagram.com/jacksoncountyfarmersmarket
1021281,Instagram - Lammscapes
1018242,@juneau_arts_council (instagram)
1019774,https://www.instagram.com/kalamazoomarket/
1019003,https://www.instagram.com/kellerfarmersmarket/
1021742,Instagram.com/KentwoodMIFarmersMarket
1021567,https://www.instagram.com/kershawcountyfarmersmarket/
1010636,https://www.instagram.com/king_farmers_market/
1003269,@kingstonfarmersmarket
1019491,@fairfaxfarmmarkets
1011117,instagram.com/kitterymarket
1021244,Instagram: ksqfarmersmarket
1019506,https://www.instagram.com/lpmdmarketmaster/
1019649,https://www.instagram.com/lachattownfarm/
1019103,#LaBaFaMa
1019198,@LakesideMarketRVA
1002521,@leaf_community
1019427,https://www.instagram.com/farmersmarketlakewoodny/
1021683,https://www.instagram.com/lanarkfarmersmarket/
1019756,https://www.instagram.com/lansdalefarmersmarket/
1021291,@larimercountyfm
1021661,https://www.instagram.com/latahfarmersmarket
1012344,Instagram 
1021324,https://www.instagram.com/lawrencefarmersmarket/
1021325,https://www.instagram.com/lawrencefarmersmarket/
1019450,@lvillefarmmarket (Instagram) 
1021647,https://www.instagram.com/leaffoodhub/
1019158,www.instagram.com/legacyfarmersmarket/
1006652,IG @urban_oasis_project
1019503,Instagram:  crossingscenter
1021470,https://www.instagram.com/lexingtonfarmersmarket/
1019346,https://www.instagram.com/lexingtonfarmersmarket/
1019650,https://www.instagram.com/libertyparkmarket/
1018927,#ligoniermarket
1021361,@lilburnfarmersmkt
1019304,https://www.instagram.com/lpmarket2012/
1021198,IG @lindavistafm
1019167,Instagram: lintonfarmersmkt
1019678,https://www.instagram.com/litchfieldhillsfarmfreshmarket/
1019207,https://www.instagram.com/ssj.nn/
1019995,https://www.instagram.com/littleitalymercato/
1018418,www.wilsonbarn.com
1018901,#localapx
1019494,@fairfaxfarmmarkets
1016820,https://www.instagram.com/lowlinemarket
1019622,https://www.instagram.com/loudounfarmmkts/
1019940,@LynchburgCommunityMarket - Instagram
1021339,https://www.instagram.com/sfmamarkets/
1019360,www.instagram.com/madwest_winter_farmers_market
1019752,https://www.instagram.com/wadsworthfarmersmarket/
1019969,Instagram: sprucestreetmarket
1019111,www.instagram.com/mansfieldfarmersmarket
1011972,Market on Military FB event
1019189,https://www.instagram.com/marketsquarefarmersmarket
1002929,Instagram: @MarshfieldFM
1019300,https://www.instagram.com/mauldinmarket/
1019487,@fairfaxfarmmarkets
1019490,@fairfaxfarmmarkets
1019634,https://www.instagram.com/medfordfarmersmarket/
1021209,https://www.instagram.com/memfarmersmkt/
1018093,https://www.instagram.com/marketoffcentre/
1021458,https://www.instagram.com/metuchenmkt/
1019683,http://instagram.com/middletownfarmers
1019777,https://www.instagram.com/midlandfarmersmarket/
1020034,https://app.sourcewhatsgood.com/markets?filter=derwood
1020035,https://app.sourcewhatsgood.com/markets?filter=derwood
1020038,https://app.sourcewhatsgood.com/markets/shady-grove-farmers-market/products
1012523,instagram: @mcfarmersmkt
1021454,www.instagram.com/fondymarkets
1006069,https://www.instagram.com/minturnmarket/
1020195,instagram.com/missionmercado
1016862,https://www.instagram.com/missionksmarket/?hl=en
1010037,instagram- mlkcampusfm
1019844,https://www.instagram.com/accounts/activity/
1020166,https://www.instagram.com/urbanvillage
1019507,Instagram @montrosecoloradofarmersmarket
1019480,https://www.instagram.com/morelandfarmers/
1021656,@morningsidefarmersmarket
1021467,@morriswintermarket
1020162,https://www.instagram.com/morrobaymainstfarmersmarket/
1010316,https://www.instagram.com/mulberry_market/
1019682,http://instagram.com/myersvillefarmersmarket
1011535,www.instagram.com/napafarmersmkt
1020055,https://www.instagram.com/narrowsburgfarmmarket/
1003081,Instagram - naashcountyfarmersmarketinrocky
1021715,https://www.instagram.com/navarrofarm/
1021642,https://www.instagram.com/nederlandfarmersmarket/
1019737,https://www.instagram.com/neoshofarmersmarket/
1021634,Netcong Community Partnership
1019227,https://www.instagram.com/newglarusfarmersmarket/
1020043,instagram.com/nourishmarkets
1005939,instagram: @cityseedhaven 
1005991,https://www.instagram.com/nhbcfarmersmarket/
1021549,https://www.instagram.com/newburghnyfarmersmarket/
1019240,@farmermarknb
1021279,https://www.instagram.com/northalbanyfarmersmarket/
1021243,https://www.instagram.com/northcantonfarmersmarket/
1018875,www.instagram.com/necic/
1018550,https://www.instagram.com/northmarket/
1009884,https://www.instagram.com/northsquarefarmersmarket/
1003694,@northbrookfarmersmarket
1006780,https://instagram.com/ne_fm/
1021379,Instagram: madNFM
1021554,https://www.instagram.com/northvillefarmersmarket/
1019345,https://www.instagram.com/nourishknox/
1019127,www.instagram.com/nutleyfarmersmarket
1019488,@fairfaxfarmmarkets
1019223,https://www.instagram.com/oakcrestfarmersmarket/
1021412,Instagram: ovfarmersmarket
1021413,Instagram: ovfarmersmarket
1021356,@oldcapitolfarmersmarket
1020146,https://www.instagram.com/urbanvillage
1010865,Instagram:  oldebeaufortfarmersmarket
1021667,https://www.instagram.com/pickfarmers/
1019646,https://www.instagram.com/olympiafarmersmarket/
1018655,Instagram: @omahafarmersmarket
1019343,Instagram: @omahafarmersmarket
1021685,https://www.instagram.com/black_power_blueprint/
1019317,https://www.instagram.com/onslowcountyfarmersmarket/
1021608,https://www.instagram.com/farmersmarketatd/
1020114,Instagram:  orangehomegrown 
1019202,https://www.instagram.com/mercedfarmersmarket/
1020198,https://www.instagram.com/orindafarmersmarket/
1012777,www.instagram.com/oxnardfarmersmarket/
1019723,https://www.instagram.com/palisadescommunitycenterny/
1021648,https://www.instagram.com/palmasfarmersmarket/
1011995,http://instagram.com/palosverdesfarmersmarket
1019755,https://www.instagram.com/parkviewfarmersmarket/
1019761,https://www.instagram.com/parkviewfarmersmarket/
1019939,Instagram
1019674,pawlingfarmersmarket
1021735,https://www.instagram.com/pawtuxet_farmers_market/
1021389,https://www.instagram.com/payson_farmers_market_/
1020175,Instagram:  peacefulvalleyfarmersmarket
1019685,IG Peach Street Farmers Market
1019454,@pedernalesfarmersmarket (instagram)
1020072,Pencofarmersmarket - Instagram 
1021688,Instagram.com/Pendletonindianafarmersmarket
1018626,Instagram communitymarkets
1018627,ins
1010839,https://www.instagram.com/petworthmarket/
1020126,https://www.instagram.com/explore/locations/322486348/phelan-certified-farmers-market/
1020177,Instagram - phoenixhillnulufarmersmarket
1010408,http://dishingthedirtblog.wordpress.com/
1021731,https://www.instagram.com/pikefarmersmarket/
1010638,https://www.instagram.com/greenmarketco.op/
1021641,Instagram: pittsburgfarmersmarket
1020005,https://www.instagram.com/pittsfieldtwpparksandrec/
1019616,ttps://www.instagram.com/plattevillefarmersmarketwi/
1019615,ttps://www.instagram.com/plattevillefarmersmarketwi/
1020019,@farmermarkpv
1008213,N/A
1019027,https://www.instagram.com/portchesterfarmersmarket/
1020037,jeffcofarmersmarkets
1018474,https://www.instagram.com/portlandfarmers/?hl=en
1018477,https://www.instagram.com/portlandfarmers/?hl=en
1018478,https://www.instagram.com/portlandfarmers/?hl=en
1018482,https://www.instagram.com/portlandfarmers/?hl=en
1018483,https://www.instagram.com/portlandfarmers/?hl=en
1021263,https://www.instagram.com/prescottfarmersmarket/
1019868,https://www.instagram.com/purcellvillefarmersmarket/
1021618,http://www.instagram.com/qcfarmersmarket
1010145,https://www.instagram.com/queenannefarmersmarket/?hl=en
1021579,https://www.instagram.com/railyardsmarket.abq/?hl=en
1020024,Instagram: @redstickfarmersmarket
1021277,https://www.instagram.com/redstickfarmersmarket/?hl=en
1003610,Instagram: @redstickfarmersmarket
1019410,https://www.instagram.com/redlandcommunityfam/
1019411,https://www.instagram.com/redlandcommunityfam/
1021615,https://www.instagram.com/reisterstownfarmersmarket/
1019493,@fairfaxfarmmarkets
1002843,https://www.pinterest.com/rexburgmarket/
1018549,https://www.instagram.com/richmondinfarmersmarket/
1021272,https://www.instagram.com/richmondinfarmersmarket/
1019419,Instagram - @riverstreetmarket
1019418,www.facebook.com/riverfrontfarmersmarket/
1019259,https://www.instagram.com/rivertownfarmersmarket/
1019927,https://www.instagram.com/riverviewfarmersmarket/
1019899,Instagram - Rock_Valley_Farmers_Market
1020173,https://www.instagram.com/rockfordmidtownmarket/
1019033,Instagram: @rockmartfarmersmarket
1021623,https://www.instagram.com/rockybuttefm/
1003969,https://www.instagram.com/rvgrowersmarket/
1003970,https://www.instagram.com/rvgrowersmarket/
1003971,https://www.instagram.com/rvgrowersmarket/
1018637,Instagram communitymarkets
1019194,https://www.instagram.com/roslindalefarmersmarket/
1021535,www.instagram.com/farmergeorge.market/?hl=en
1021451,Twitter @rs_farmersmarket
1019620,Instagram: @russellvilleCM
1018975,www.instagram.com/rustonfarmersmarket
1019825,@saintmaryfarmersmarketgv
1005214,https://www.instagram.com/salemfarmersmarket/
1021724,Insta: salisburyrecreation
1020185,https://www.instagram.com/urbanvillage/
1021645,@santarosafarmersmarket 
1018625,Instagram communitymarkets
1018315,https://www.instagram.com/wednesdaynightmarket/
1011160,https://instagram.com/nwflfarmersmkt/
1007261,Instagram: @downtown_tc
1007250,Instagram: @saugertiesfarmersmarket
1021558,https://www.instagram.com/scituatefarmersmarket/
1021707,Instagram - northscituatefarmersmarket
1018167,Instagram: @SeacoastEatLocal
1021664,https://www.instagram.com/seasidefarmermarket/
1021233,https://www.instagram.com/secotanmarket/
1018773,https://www.instagram.com/sedalia_farmers_market/
1019319,https://www.instagram.com/shoreline.farmers.market/
1020004,https://www.instagram.com/shreveport_farmers_market/
1021397,Instagram.com/siloam_farmersmarket
1016822,@silvervalleyfarmersmarket
1010560,@siouxcityfm
1003169,www.facebook.com/SitkaFarmersMarket
1019869,Instagram: slipperyrockfarmers 
1020163,https://www.instagram.com/farmsupplyfarmersmarket/
1020022,@farmermarksoco
1019926,Instagram - sodusfm
1021697,https://www.instagram.com/southcollierfarmersmarket/
1021214,https://www.instagram.com/southendmarketclt/
1010997,IG @urban_oasis_project
1021553,https://www.instagram.com/sovillagecenter/
1019091,instagram.com/southsidefarmersmarket
1021563,https://www.instagram.com/southwaterfrontfarmersmarket/
1021589,instagram :  southwindsorparksandrecreation
1021568,@sparksumcevents
1021466,www.instagram.com/stlouisfm
1019628,https://www.instagram.com/stmariesfarmersmarket/
1019675,https://www.instagram.com/explore/locations/92355524/st-michaels-farmers-market/
1018211,Instagram:  stanlycommonsfarmersmarket
1021526,#staytonfarmersmarket
1018918,https://www.instagram.com/stccopenairmarket/
1021333,https://www.instagram.com/steelvillemarket
1021334,https://www.instagram.com/steelvillemarket
1018451,https://www.instagram.com/stowefarmersmarket/
1012116,https://www.instagram.com/suffolkvafarmersmarket/
1019545,letsgrowakron_ on Instagram
1019036,Instagram
1020186,https://www.instagram.com/urbanvillage/
1021643,https://www.instagram.com/sfcfarmersmarket/
1021644,https://www.instagram.com/sfcfarmersmarket/
1018923,https://www.instagram.com/sweetwater_organic_farm/
1019015,https://www.instagram.com/tahoefarmersmarket/
1020036,Instagram
1018476,Www.instagram.com/taos_farmers_market
1011738,https://www.instagram.com/gvillesatmarket/
1003982,@telluridefarmersmarket on Instagram
1020147,https://www.instagram.com/urbanvillage
1021694,instagram- Teninofarmersmarket
1000710,"https://www.instagram.com/texasfarmersmarket/, our new farmers' market app:  https://texasfarmersmarket.spnd.st/join"
1021616,www.instagram.com/texasfarmersmarket/
1018279,https://www.instagram.com/texastwpfm/
1020049,americanlegion_farmersmarket
1021254,https://www.instagram.com/cornermarketgso/
1019544,http://www.instagram.com/eastendfm
1019775,https://www.instagram.com/fairfieldoh/
1019948,https://www.instagram.com/farmlowell
1019166,https://www.instagram.com/farmersmarketum/
1019626,@fromthefarmllc
1021276,https://www.instagram.com/thegrovesmarketplace/
1021659,https://www.instagram.com/lmh_market
1021702,www.instagram.com/whiteriverstprk/
1019517,https://instagram.com/monroectfarmersmarket
1019826,https://www.instagram.com/greshamfarmersmarket/
1019975,peoplesmarketbtown on Instagram
1018628,Instagram communitymarkets
1018624,Instagram communitymarkets
1020015,Instagram.com/LittleFallsFarmersMarket
1010798,Instagram
1012799,Instagram - westriverfarmersmarket
1021586,https://instagram.com/thewilmingtonfarmersmarket?r=nametag
1017961,https://www.instagram.com/aim_farmers_markets/
1009802,https://www.instagram.com/tigardfarmersmarket/
1021744,https://www.instagram.com/TivertonFarmersMarket
1021490,https://www.instagram.com/tosafarmersmarket/
1021745,instagram.com/trfarmersmarket
1020002,instagram.com/troymarket
1019349,https://www.instagram.com/tuscaloosarivermarket/
1005493,www.instagram.com/twincitymarket
1019925,https://www.instagram.com/unioncountytnfarmersmarket/
1019540,https://www.instagram.com/unionsqmarket/
1018634,instagram @director_unionstreetfarmersmkt
1021726,https://www.instagram.com/chicago_market/
1001886,https://www.instagram.com/umbrella_market/
1019105,https://www.instagram.com/uptowngwdmarket/
1019448,https://uptownwestervillefarmersmarket.blogspot.com/
1019692,https://www.instagram.com/vanderbiltmarket/
1012325,https://www.instagram.com/viga_vashonfresh/
1019513,Instagram: @victoriafarmersmarket
1019156,https://www.instagram.com/skokiefarmersmarket/?hl=en
1006342,Facebook
1021297,Instagram:  @vinestreetmarketofallon 
1018504,https://www.instagram.com/voluntown_farmers_market/
1019155,https://www.instagram.com/wacofarmersmkt/
1019489,@fairfaxfarmmarkets
1021340,https://www.instagram.com/sfmamarkets/
1020197,https://www.instagram.com/walnutcreekfarmersmarket/
1018552,Instagram: @waterfrontfarmersmarket
1011229,Instagram @WayxGreen
1004499,Instagram: waylandfarmersmarket
1012485,Instagram: wsufarmersmarket
1021452,http://webbcityfarmersmarket.blogspot.com/
1019114,https://www.instagram.com/wellfleetfarmersmarket/
1019067,http://instagram.com/leapmarkets
1018650,https://www.instagram.com/westlafarmersmarket/?hl=en
1011203,Instagram: wlfarmersmarket
1019444,Instagram: Westerville Farmers Market
1019797,https://www.instagram.com/westgatefarmersmarket/
1021246,https://www.instagram.com/westlandfarmersmarket
1001661,Instagram: westside_community_market
1021217,Instagram: @westside_community_market
1005280,www.instagram.com/santacruzfarmersmkts/
1020020,@farmermarkwv
1021258,https://www.instagram.com/weymouthfarmersmarket/
1020157,Instagram: Whitleycountyfarmersmarket
1020156,Instagram: whitleycountyfarmersmarket
1021720,https://www.instagram.com/williamsburgfarmersmarket
1020187,https://www.instagram.com/urbanvillage/
1019433,instagram.com/winchesterfmkt
1019848,https://instagram.com/growoakridge
1019449,www.instagram.com/foodforthoughtmarkets
1019845,Instagram  wncfarmersmarket
1009027,Instagram.com/wolfeboroareafarmersmarket
1019098,Instagram Wolfforth Farmers Market
1019038,https://www.instagram.com/woodstockfarmfest/
1005140,https://www.pinterest.com/downtownwoodstock
1021328,https://www.instagram.com/wooleryfarmersmarket/
1007309,https://instagram.com/wrightstownmarket/
1019708,https://www.instagram.com/yardleyfarmersmarket/
1018508,https://www.instagram.com/yardleyfarmersmarket/
1002366,https://www.instagram.com/ygfarmersmarket/
1019327,https://www.instagram.com/growingthehope/
1021545,IG @yucaipa_farmers_market
1019863,https://www.instagram.com/zebulonfarmfreshmarket/
