0,
1,18th and Broadway
2,71 Waterwitch Avenue
3,73484 Twentynine Palms Hwy
4,600 E. 2nd Street
5,123 W. Illinois ave. 
6,3234 S. LaChance Rd
7,140 W 62nd Street
8,6100 S. Blackstone Ave
9,229 Lake Ella Drive
10,Broadway between Heron & State St
11,Corner of Remsburg Drive & Cummings St
12,22049 Main Street
13,110 W. Main St. 
14,103 Carlisle Street
15,100 East Penn Drive
16,"79-7500 Mamalahoa Highway, Unit 1"
17,108 Indian Head Road
18,7777 Walnut Grove Rd
19,1201 Ala Moana Boulevard
20,17375 Spring Hill Dr
21,5920 NW 13th Street
22,255 E Basse
23,Corner of 6th Street and State Avenue's Parking Lot
24,4th & Ellsworth
25,208 E. State Street
26,Route 12
27,Broadway & Second Ave
28,2727 JACKSON STREET
29,Clark St. and Lake St.
30,Jefferson
31,807  N. State
32,17675 SW Farmington Rd and SW Kinnaman Rd
33,108 S Main St
34,29 West Butler Pike
35,300 & 400 Blocks of  Main Street
36,186 Recreation Road
37,303 Madison Street
38,Kennedy Common (306 Main)
39,611 R Avenue
40,402 N. Murray Ave
41,1505 US-127 N
42,1500 W. Catalpa Ave.
43,41 Central Street
44,6621 Columbia Pike
45,25 East Cedar St
46,420 Field Street
47,900 Skidmore Drive
48,100 College Avenue
49,Memorial Blvd
50,120 Hillside Avenue
51,35 Dexter St
52,3904 VT-7A
53,85 Parade St
54,2400 Bradley Beach Road
55,Artisan Alley
56,1966 Broad Street
57,125 Front St
58,12th and Commercial St.
59,3300 Aggie Road
60,Between 5th and 6th Streets on the south side of Main Street
61,1002 East State Street
62,271 W Hancock Ave
63,705 Sunset Dr
64,30355 N 3rd Street
65,201 County Street
66,3528 Larga Ave
67,1140 Auburn Way S
68,170 Main Street
69,2031 S. Elliott Ave.
70,9607 RESEARCH BLVD
71,8190 E US Highway 36
72,"281 COUNTRY CLUB RD., C/O AVON LIBRARY"
73,12530 Black Forest Rd
74,13710 Black Forest Road 
75,6845 Shoup Road 
76,201 Grant Ave
77,Main St. and 6th Ave.
78,5300 Ballard AVE NW
79,12205 Heritage Hwy
80,Corner of Franklin and Harlow Streets
81,3782 Winding Creek Ln
82,14 Birdsall St.
83,30 N. Broad St
84,101 Midland Avenue
85,200 Clark St.
86,1302 Chestnut Street
87,North River Street
88,Main and Boehringer Street
89,25 S McCamly St
90,500 Baybrook Mall Drive
91,Indian Creek Mall 2205 N 6th St
92,26 Hwy 52 W
93,Hwy 231 South 
94,4801 Franklin Avenue
95,209 Route 101
96,3055 River Road
97,2 South Bond Street
98,1815 M St. 
99,Main and 4th
100,1207 10th Street
101,5429 State Route 19N
102,Memorial Park
103,Union Square Parking Lot--2nd Street & Paul Bunyan Drive
104,First Street between B & D Streets
105,Elm and Harrison
106,100 N. Main Street 
107,129 Fairfax Street at Washington Street/522
108,12290 Sylvania-Metamora Rd
109,11 Sullivan St.
110,1st Avenue N and 19th Street
111,995 9th Ave SW
112,213 N Priaire St
113,601 castle court
114,7600 Arlington Road
115,Intersection of New and Morton Streets
116,9300 Civic Center Dr
117,E Main St and S Dawson Ave
118,42900 Big Bear Blvd
119,101 Lakeshore Drive
120,311 Lake Street South
121,25 Concord Road
122,226 N Water St
123,5 Stillwater Road
124,5050 Liberty Ave
125,401 N MortonSt
126,1601 S Rogers St
127,4335 Glendale Milford Road
128,1837 Plaudit Place
129,102 S Main St
130,360 N Main St
131,1415 Key Highway
132,10TH & GROVE  - SUMMER MARKET
133,516 S. 8th Street
134,1961 Burlington Pike
135,7th and Story Street
136,1931 Boone Village Shopping Center
137,90 Town Center St
138,6th Street and Main Street
139,304 N. Main Street
140,15200 Annapolis Road 
141,2420 Center Street
142,10699 US-60
143,319 N. Lake St
144,5401 south braeswood
145,1 JFK Memorial Dr
146,570 Western Ave.
147,80 Flat St.
148,3215 Quicksand Road
149,1400 Park Ave
150,1 Vogt Drive
151,20 N Main Street
152,"Hitchcock Free Academy, a community center parking lot, at  2 Brookfield Rd."
153,807 Broad St.
154,161 S Main St
155,45 School St
156,925 E. Mt. Vernon Avenue
157,15786 HWY 101 SOUTH
158,Centre Street West PArking Lot
159,6425 Wornall Road 
160,15487 Citrus Way
161,116 Main Street
162,840 Upper Front St
163,201 Thayer St
164,61 N. Green Street
165,Corner of Hwy 8 and N Alvey Street
166,277 Pleasant Hill Rd
167,775 Lancaster Avenue
168,100 N. First Street
169,99 Main Street
170,"150 N. Third Street Burbank, CA 91502"
171,5671 Roberts Parkway
172,626 County Road
173,345 Pine Street
174,75 Tinkham Lane
175,701 Cedar
176,Uptown Butte
177,7930 Fall Creek Bend
178,2022 S Scott St
179,7 0 Main Street
180,600 Cagan Park Ave.
181,891 Mountain Ranch Road
182,505 S. Algiers St. 
183,Pearl St
184,3920 N Greenbay Rd
185,"California Avenue, at El Camino"
186,22810 Three Notch Road
187,2220 Ventura Blvd.
188,1000 Main Street
189,Camden Avenue and Union Avenue
190,333 Erlanger Ave. (corner of 3rd. St.)
191,Burke Junction Shopping Certer
192,7634 Alexandria Pike
193,3504 Alexandria Pike
194,709 Monmouth St
195,Campbell Avenue & Central Avenue
196,200 Harding Street
197,36 East Canal Street
198,127 West Center Street
199,7248 Owensmouth st
200,500 North Ridge Road
201,300 Market Ave N
202,SE 47th Terrace & SE 10th Place
203,35 S Spanish Street
204,126 West Loockerman Street (Loockerman Way Plaza)
205,1300 Pennsylvania Avenue
206,3690 The Barnyard
207,Corner of Bird and Stossel
208,6619 hwy 29 north
209,301 W Main St
210,Carrollton Uptown Square
211,3rd & Curry St. 
212,94 FAIRGROUND DR
213,131 Jessica Lane
214,108 Main St.
215,2325 Boston Neck Rd.
216,3070 11th Ave Dr. SE
217,4965 Catawba Creek Road
218,6770 Cave Spring Rd SW
219,Corner Of NW Cornell and Murray Roads
220,1046 Cedar Point Blvd.
221,1001 W Market St.
222,142 N Ohio Street
223,4301 S Central Ave
224,559 Dexter St
225,2251 NW Bucklin Hill Rd
226,401 S. Pavilion Way
227,2300 E. Baristo Rd
228,NE Corner Friant and Ft Washington
229,SE Corner Blackstone and Nees
230,Challis City Park
231,501 U.S Route 2
232,185 US Route 2
233,100 block of South Samuel Street
234,4150 Old Post Road
235,1801 Yorkmont Road
236,1652 Main Street Rte 28
237,Corner of Rte 110 and Rte 113
238,near 6701 Mimms Loop
239,7673 Germantown Avenue
240,2nd and Wall Streets
241,North Valley Plaza Mall
242,6491 Clark Road
243,East Lee Highway between Chestnut and Pine Avenues (Warrior Park)
244,308 North Main Street
245,1 S. Bridge Street
246,6730 Church St
247,603 Church Street
248,8445 SW 80th Street
249,200 Sanborn Street
250,Alapai & Beretania Street
251,4325 Wightman St.
252,1150 South Gay Street
253,700 S. Railroad
254,"St. Anthony Municipal Parking Lot, at the intersection of Rte. 8 (Marshall St.) and St. Anthony Drive"
255,1529 Brownsville Road
256,15500 County Road 6
257,7221 Broadview Road
258,24800 Jeffereson
259,"Clark Avenue, between 2nd and 3rd Street"
260,corner of Whalley Ave. and West Rock Ave.
261,Corner of Front St. and Grand Ave. 
262,115 Water St
263,DePalma Ct. between Chapel St. and Wooster St.
264,Harvard Avenue Between Bonita and First Streets
265,14 North Street
266,"New Town lot, 10717 Main St. (route 5)"
267,"Beachview Park, Chestnut St"
268,720 5th Street
269,141 S Ridgeway Drive
270,1150 S Peace Haven Road
271,"3400 Connecticut Ave NW, Washington, DC 20008"
272,"971 Route 146, Shenendehowa United Methodist Church parking lot "
273,20 West Park Row
274,N High St and W Dunedin Rd
275,21 College Street
276,7500 Security Blvd.
277,900 Barring Avenue
278,650 Ten Rod Rd.
279,2325 Boston Neck Rd
280,225 Cabrillo Highway
281,450 Old County Road
282,801 SE Larch Avenue
283,Main St. and Route 179
284,7350 Pine Creek Road
285,215 S. Tejon
286,5th Street & Riverside Drive
287,1769 West Ash Street
288,10800 Airport Road
289,14 st and 26 Ave
290,202 N. East Avenue
291,10th Street Memorial Park
292,9079 HWY377
293,831 SE Salmon St
294,Main Street
295,800 Main Street
296,1029 2nd Ave
297,150 Amity Rd.
298,"320 Central Ave., Suite 410"
299,1513 7th St
300,1370 N Adair St
301,100 N Shoreline Blvd
302,Main and Elm Streets
303,1st & Jackson
304,Old Redwood Hwy and W Sierra
305,47 Doster Road
306,1832 Massachusetts Street
307,609 Dixie Street
308,1642 16th St
309,1175 W Exchange St
310,4040 Riverview Rd.
311,21 Furnace Street
312,2315 Ira Rd.
313,2299 South St. 
314,3rd and Greenup Street
315,3821 SOUTHWEST BLVD
316,410 W 9th St.
317,"Decks Reserve Carpark, Wallace Street, Mouteka"
318,100 W Pike St.
319,400 Parke Avenue
320,3650 W Martin Luther King Jr Blvd
321,200 Broadway Street
322,1235 N. Peters 
323,Front Street and Garrison Street
324,"705 E. Union Avenue, Room 2"
325,Anne St. at University Blvd. E
326,"Depot Park, Woodstock & Williams Streets"
327,Main Street in Culver City
328,819 E. Lake Shore Drive
329,107 N Main Street
330,819 S Main Street
331,11501 E Washington Street
332,1817 Front Street
333,206 West 3rd St.
334,120 White Street
335,120 N Front St
336,North Park Mall east entrance
337,Ash  and 8th street
338,Kestrel Rise Rd. and Daybreak Pkwy/W 11400 S
339,520 N. Main St.
340,22271 West Village Drive
341,308 Clairemont Ave
342,Heivly Street
343,DeForest Street
344,2nd and Locust Streets
345,1410 Del Monte Center
346,1709 W Douglas 
347,605 S Railroad (Hwy 330)
348,332 Kenwood Ave
349,"NE 2nd Avenue, half block east of Atlantic Avenue"
350,9421 18th Ave SW
351,317 w Mulberry St
352,22307 Dock Ave S
353,3233 Alpine
354,1600 East Moyamensing Avenue
355,12921 North Street
356,1 N. 2nd Street 
357,136 N Bridge St
358,5401 Courthouse Circle
359,327 N. Iowa Street
360,390 Main Street
361,FW Gestrin and E. Roseberry Rd
362,1353 Dorchester Avenue
363,2999 Darbytown Road
364,118 S. Main St
365,550 Central Avenue
366,W. 23rd Street off 9th Avenue
367,Parking lot off Union Turnpike
368,Parking Lot off Chatsworth Ave.
369,Harbor Island Park
370,At the center of the park
371,110th Street and Manhattan Avenue
372,Thomas Paine Cottage Museum
373,Near the corner of Spring & Main Streets
374,4th Street at 5th Avenue
375,Dahlia Avenue at Main Street
376,Parking lot off Theodore Fremd Ave.
377,1 Park Lane
378,14801 Main Street
379,Park Avenue and Harrison Avenue
380,"300 block of State Street, 400 block of East Grand Avenue, Gantry parking lot"
381,1947 Center St.
382,200 N. Main
383,101 S. Madison
384,202 N. Buffalo St.
385,718 Parkway
386,701 W. Main St.
387,S. Spring Ave
388,University Place at Oak Street
389,"3rd, 4th and Bond Sts."
390,206 S 4th Street
391,101 North Main Street
392,on the court square at 4th Street and Maple Street
393,Melody Lane and Marina Square
394,Main Street from Western Ave. to Sheboygan St.
395,Main Street Plaza 
396,200 S. Washington Street
397,US 50 and Park Streets
398,7 Town Square
399,2103 Main Street / Historic Red Caboose Site
400,112 S. Third St.
401,Corner of Hwy 101 & Angle St
402,7th Street behind the CVS between Grant Ave & Novato Blvd 
403,"Gilman St, between Hamilton and Forest"
404,721 N Central Ave
405,Railyard Park
406,Cedar St & Lincoln St.
407,Yakima Ave & S 3rd Street
408,421 Linden St.
409,3100 Swann Drive
410,4201 Central Parkway
411,Iowa Street between 10th & 13th Streets
412,Gitch ode' Akiing formerly known as Lake Place Park 214 E Superior Street
413,259 W 9th Street
414,501 Foster Street
415,"Jackson Landing, 10 Old Piscataqua Road"
416,16201 Main St. NE at Taylor Landing
417,40 East Center Street
418,5th St. and Hwy 34
419,13555 Valley Lodge Parkway
420,572 Stokeswood Avenue
421,Across from 201 Border St.
422,250 Sumner street
423,2600 Navigation Blvd.
424,Between 10 and 20 Community Way in parking lot
425,Hollywood Blvd. and Western Ave.
426,511 Woodland Street
427,44 City Hall Plaza
428,2555 Pulgas Avenue 
429,2757 East Point St.
430,760 E Water St Elmira
431,17701 SE Mill Plain Blvd.
432,4927 - 5089 Transit Road
433,50 Payson Ave
434,128 Larry Holmes Drive 
435,2020 MLK Jr. Ave
436,660 Douglas Pike
437,1146 Logan St
438,200 North Broad St
439,5th Ave between Main and Bell & Bell St. between 5th & 6th Ave
440,7809 Highway 42
441,"1051 Greenfield Drive, "
442,Town Center Blvd.
443,10700 Main Street
444,Corner of Edgington Ave. and 14th Street
445,301 NIBCO Parkway
446,Main ST
447,11 Pinney St
448,2944 S KY 7
449,Elm Street 
450,Elmwood and Bidwell
451,235 Main St
452,10234 Front Street
453,931 E 4th St
454,17400 Victory Blvd
455,70 Pisgah Hwy
456,104 North McKinney Street 
457,1600 1st Street
458,1105 N.Railroad  Avenue
459,664 Wade St
460,514 N Hwy 3
461,44 Kingshighway
462,200 South Main Street
463,91-955 North Road
464,"Swasey Parkway, off Water Street"
465,On The Green
466,124 Bolinas Avenue
467,10500 Page Avenue
468,50 N. Pine St. 
469,319 W. Hastings Rd.
470,600 Fallbrook Blvd
471,E Falls Park Drive and N 2nd Ave
472,7802 Marsh Road
473,120 S Kimball Ave
474,310 S. Manning Blvd
475,221 N. Main St
476,12700 Denton Drive
477,33955 Community College Dr.
478,301 4th St 
479,301 4th St
480,750 Aurora Avenue
481,101 E. Depot Street
482,620 N Apple Street
483,8711 E Pinnacle Peak Road
484,40 Calhoun Street
485,Hwy. 72 east
486,412 West Main Street
487,2144 E Republic Rd
488,Historic 25th Street and Grant Avenue
489,1225 W Grand Parkway S
490,1099 Legion Park Road
491,105 Merchant Street
492,5855 Sienna Springs Way
493,2A N Hanover St
494,"Eastern Gateway Community College, 4000 Sunset Boulevard"
495,46-2600 Hawaii Belt Highway
496,101 E East St
497,401 N Central Ave
498,East Camden
499,"St. John's Church, Hwy. 9"
500,"Plaza 501, 501 S. Florissant Rd."
501,27021 Kanis Rd
502,300 Cottonwood Lane
503,1 Ferry Building
504,942 Main Street
505,1445 Compton Road
506,West Fifth Street
507,315 W Simcoe
508,15615 East 21st Street North
509,9116 Hwy 42
510,1011 Point Judith Rd
511,1384 Elizaville Rd
512,361 N. Lake Drive
513,400 Block Lafollette Station
514,2200 W Fond du Lac Ave
515,200 S. David St.
516,15583 Forest Road
517,2030 Main St
518,1840 Ardmore Blvd
519,1650 Ashwood Blvd.
520,2nd and Gartison Ave
521,213 E Sumner Avenue
522,17 E School St.
523,534 North Main Street
524,404 Wilkinson Blvd.
525,Parking Lot 2 Blocks West of the Courthouse
526,1777 East Broad Street
527,304 N Main St
528,2000 W. Franklin Street
529,102 S Church St
530,453 Freedom Pkwy NE 
531,1102 W 32nd Street
532,421 West River Drive #32
533,2032 Central Plaza
534,"213 F Street, Antioch"
535,1624 20th St NW 
536,1100 S Friendswood Dr.
537,801 Cochran Ave
538,301 E Wayne Street
539,216 W Douglas Ave
540,9035 Bois d'Arc Lane
541,91 South St.
542,1145 East Fulton
543,121 N Main St.
544,210 W 7th St
545,160 W Franklin St
546,1370 Galleria @ Tyler
547,1210 Fleming 
548,136 E Washington St
549,2345 Pagoda Dr
550,135 N Kedzie Ave.
551,117 Lexington RD
552,1028 E Main Street
553,602 East Jefferson Ave
554,1327 S. 18th Street
555,122 Screven St
556,6719 W. Montgomery 
557,6402 Market St. 
558,3810 W. Fuqua St. 
559,7037 Capitol St. 77011
560,9720 Spaulding St. 77016
561,6400 High Star Dr. 
562,9314 Cullen St. 77051
563,222 N Ash St
564,1385 NH Route 140
565,602 NE 70th Street
566,6394 Western Ave.
567,201  W CHASTAIN BLVD. WEST
568,10 Sanford St
569,1095 Ives Rd
570,9150 Garland Road
571,411 Rosie Park Way
572,Corner of 13th and Main
573,6300 Ridge Avenue
574,South Church and Main Street
575,505 S. Main St.
576,11 Golf Course Road
577,2080 Westover Ave SW
578,1040 Grant Street SE
579,W.145th. Street between Edgecombe & Bradhurst Aves.
580,Peskeomskut Park
581,909 National Pike West
582,317 Washington St.
583,902 7th Ave.
584,1817 N. Clark St
585,115 S. Sangamon St
586,1071 Piedmont Ave NE
587,617 Michigan Avenue
588,25 Crescent Road
589,42 Carmen Place
590,739 Third Street
591,833 4th Ave
592,4411 Kikowaena St
593,4000 Gus Young Ave
594,3647 Karleen Rd
595,400 Block of South River Park Drive
596,99-795 Iwaiwa Street
597,209 South Main Street
598,Hamilton Park
599,345 High Street 
600,7165 Ramsey Street
601,106 Western Ave.
602,7400 Hampton Blvd.
603,1st Street NW and 1st Ave. NW
604,Hana Highway
605,55299C Kuhio Hwy 
606,200 West Main Cross
607,210 East Chestnut Street
608,647 E. Market Street
609,381 Ontario Street
610,4525 Knoll Rd
611,850 West Central Texas Expressway
612,218 E Tyler Ave
613,121 E. Main Street
614,364 Oddville Ave
615,111 S Main St
616,1001 N Oaks Ave
617,W. 125th Street & Adam Clayton Powell Blvd
618,Brooklyn Avenue & Prospect Place
619,Lafayette btwn Waverly & Washington
620,Asch Loop & Aldrich Street
621,Ocean Pkwy btwn Shore Pkwy & Avenue Z
622,E. 104th Street & 3rd Avenue
623,Lenox Avenue btwn W. 136th & W. 138th Street
624,E. 163rd btwn Southern & Bruckner Boulevards
625,1400 Pelham Parkway
626,Clarkson Avenue btwn E. 37th & E. 39th Street
627,Lenox Avenue btwn W. 117th & W. 118th Street
628,97-99th Street and 2nd Ave.
629,Mt. Eden Pkwy & Morris Avenue
630,E. Mosholu Pkwy N. & Jerome Avenue
631,E. 149th Street & Eagle Avenue
632,Broadway btwn W. 138th & W. 139th St
633,300 Keahole Street
634,Franklin Avenue & Summit Street
635,"1435 E Main St, "
636,4055 South Roy Wilson Way
637,200 Market Square
638,150 W Main St
639,73 Monument Place
640,250 South Main
641,1200 N. Vista St.
642,100 North King Street
643,17004 York Rd 
644,"507 W B St,"
645,1313 N. Mill St.
646,12505 N Main St   91739
647,418 Main Street
648,2535 Highway 51 South
649,768 Lynn Street 
650,5355 W. Herriman Main St.
651,2001 Lock B Road North
652,18422 Bear Valley RD
653,901 N Main Street
654,115 NE Railroad Avenue
655,61 Highland Center Drive
656,Highlands Ranch Pkwy and Dorchester Rd
657,1118 1st Ave
658,5137 Glade Chapel Road
659,1st Ave and NW Lincoln St
660,6125 NE Cornell Rd
661,1405 SW Vermont St
662,"S Commerce St, Hinesville, GA 31313"
663,96 Otis Street
664,30 E. Chicago Ave.
665,121 Orange Street
666,Grove PATH Plaza
667,272 N. Court St. 
668,"5th Street, between Ferry and Columbia"
669,36707 Crooked Hammock Way
670,Savannah Rd. and Sussex Ave.
671,Dupont and Johnson Avenues
672,67 West Henderson Street
673,1 E Water St
674,101 S Market St.
675,Montgomery and Allegheny Street (near the Diamond)
676,Crapo Park
677,300 West Ballentine Street
678,1600 Ivar Ave
679,21078 Three Notch Road
680,Ocean Drive
681,Martin Ave and Chestnut Rd
682,5th Street & Columbia Street
683,67212 E. HWY 26
684,691 Main Street
685,1015 Hope St
686,33 14th Avenue North
687,110 W 9th Street
688,Main Street and Ash Street
689,c/o Rajni Lerman
690,498 Howard St.
691,Corner of Columbia and Sixth Streets
692,2051 Huguenot Road
693,1237 E Main St
694,2421 W Main St
695,111 Mine Street
696,842 Penn Street
697,11712 Coral Street
698,208 East Street
699,903 E. US Hwy 80
700,4310 Gallatin Street
701,2700 Erie Avenue
702,2nd Street
703,A - D St. Memorial Drive
704,120 N Main
705,139 North Main Street
706,100 1st St. W
707,211 W. Truman Rd.
708,144 JOHN RUST RD
709,8th & Church St.
710,South Steele Street and Adams Street
711,Corner of Rocksylvania Ave. anb Stevens St.
712,410 Livoinia Ave
713,1730 10th Ave N.W.
714,Center & Pine River Street
715,North end of Main Street
716,130 S. 3rd
717,252 E. Jackson Blvd.
718,Diploma Drive
719,1296South Main St.
720,3034 Welchburg Rd.
721,110 Railroad Avenue
722,23 Central Street
723,2708 Sherman Rd
724,"Town Square, Downtown Janesville"
725,"Park and Ride, Stegall Drive"
726,925 Chestnut Street
727,10434 watterson trail
728,826 F. M. Stafford Ave.
729,61651 Twentynine Palms Highway
730,350 Whittier
731,21 South Kainalu Drive
732,7300 N. Fresno Street
733,1204 Bank Street
734,1911 Kam IV Road
735,1400 Kalihi Street
736,67-139 Pukalani Road
737,45-660 Keaahala Road
738,91-1049 Kamaaha Loop
739, 700 Kalihi Street
740,5000 W National Ave
741,400 Bear Creek Parkway
742,Outdoor Summer Market 625 52nd Street- Indoor Winter Market 625 57th Street
743,625 52nd Street
744,625 57th Street
745,Kensington train station parking lot  
746,4900 Breton Rd SE
747,906 Broad Street
748,105 Moore Road
749,King George Middle School at 8246 Dahlgren Rd
750,Wall Street - Uptown Kingston
751,5870 Kingstowne Towne Center
752,2814 Town Center Circle
753,100 North Elson Street
754,47 Road 6500
755,10 Shapleigh Road
756,107 N 4th St
757,34 Bond Hill Rd
758,3800 Corkscrew Road
759,401 Birch St
760,1835 La Cienega Blvd
761,East Tremont Ave. between Lafontaine Ave& Arthue Ave
762,Tremont Ave between Arthur Ave & LaFontaine Ave
763,100 East Main Street
764,209 Washington Ave
765,106 Godfrey Road West
766,224 E. First Street
767,28214 West Northwest Highway
768,"Millennium Plaza Park, 200 First Street"
769,281 Station Street
770,1001 Kingwood ST
771,7915 MN-210 
772,6110 Lakeside Avenue
773,1606 lakeside ave.
774,15425 Detroit
775,Chautauqua Ave
776,6434 E Mockingbird Lane
777,610  E. Main St  or Corner of Main St & South Linden St
778,101 N Broad St
779,West Chestnut Street
780,505 College Meadows Drive
781,Lane Event Center (Fairgrounds)
782,8th Ave & Oak St.
783,400 Penn Street
784,200 W. Oak St.
785,State Highway 8
786,109 Weatherly Road
787,824 New Hampshire Street
788,1140 Massachusetts Street
789,250 40th Street
790," 9535 US Hwy 51 N, Cobden, IL 62920"
791,309 S Lebanon St.
792,579 Exeter Road
793, 18402 US Highway 281 N
794,6601 Biscayne Blvd
795,River Street
796,17201 W. 87th St. Pkwy
797,100N. Herritage Street
798,4040 Harrison Ave
799,7785 North State street
800,170 S Fremont St
801,65 Main St.
802,130 East Ave.
803,Worthen Road Practice Field
804,739 Massachusetts Avenue
805,"Liberty Park, 600 East 900 South"
806,110 Andi Lane
807,1400 Killian Hill Rd
808,360 Lincoln Street
809,N. Broadway & Sichel
810,SW Corner Fort Street & Southfield Road
811,6939 Linda Vista Rd.
812,West Street and Woodruff Lane
813,421 Bantam Rad
814,520 Lucky Road
815,331 West 18th Street
816,555 W Date Street
817,4461 Mineola Ave
818,Miles Band Shell Park
819,29350 W. Chicago
820,1848 Church Street
821,255 John Paul Avenue
822,8990 Lorton Station Blvd
823,"City Hall, 6718 Rio Grande Blvd. NW"
824,"Sunset Park, Georgia Street"
825,205 Broadway Street
826,3410 N Southport Ave
827,11940 Fulton St
828,Main street
829,5473 Bostwick Street
830,3200 University Ave
831,"EE Lake General Store, 33721 Snickersville Turnpike"
832,21060 Whitfield Drive
833,"101 Catoctin Circle, S. E."
834,Gramercy Park Drive and Central Station Drive
835,1219 Main St
836,4th and Grover Street at Centennial Park
837,5239 Floyd Road
838,112 N. John Wayne Dr.
839,Highway 40 E. and 1st St.
840,Central Avenue between Cook Avenue and Main Street
841,"7th Street, between C and B Streets"
842, 1126 Martin Luther King Jr Way  
843,55 South Gammon Road
844,Baldwin Avenue between 7th and 8th St.
845,335 Clark Ave. South
846,South Main at Wheeling
847,401 Main Street
848,Main Street and Highland Ave
849,1030 Main Street
850,South Public Square
851,151 Main Street
852,413 N Milwaukee Ave
853,1527 Keeaumoku Street
854,163 Spruce St.
855,South Broadway and West Main
856,180 Memorial Drive
857,180 N. Maple Street
858,Manoa Rd
859,703 East Broad Street
860,157 E Wapato Way 
861,36465 N Hwy 101
862,25719 Maple Valley Black Diamond Road
863,65 Church St
864,1607 Main Street
865,2200 31st St
866,Main and Church 
867,2620 23 ST
868,9705 W. 142nd Steet
869,Deville St
870,300 Conti
871,W South Park Ave & Georgia St
872,200 Parkway Street West
873,1301 Biscayne Blvd
874,3510 W 15th Ave
875,Ford Center Plaza 6th and Main St
876,Military Avenue and West Mason Street
877,105 Norton Park Drive
878,500 Howard Baker Jr Ave
879,317 North Main Street
880,3048 Main Street
881,1933 Mayfield Highway
882,140 Main St  (Route 3A)
883,Main St. and Smithwick St. 
884,1 Schiber Ct.
885,Founders Square
886,2114 Old Main Street
887,100 block East Maple at Jefferson (in street)
888,882 Cummins Hwy
889,57754 Crumstown Hwy
890,101 East Butler Road
891,220 East State Street
892,"299 Wilburn Ross Hwy,"
893,2501 Sherwood Hall Lane
894,2165 Central Ave
895,1659 Chain Bridge Rd
896,1041 Old Ekron Rd
897,2501 Mystic Valley Parkway
898,Edgemont Street
899,1000 Youth Center Drive
900,"39 public square, suite 305"
901,PO Box 702
902,540 S. Front Street
903,62 Back Street
904,Chestnut & Menlo Avenues
905,800 1st Street & 8th Avenue
906,N. Centre St. & Chestnut Ave.
907,33 E. Broadway Ave.
908,New Street and Pearl Street
909,North Broadway and East 5th Street
910,700 North Lamar Blvd.
911,530 Exchange St
912,12 S Church St
913,"6655 Delmar Blvd, Back Lot"
914,500 Main St  Riverside Park
915,108 West Main Street (Wasson Field)
916,94-1150 Lanikuhana Ave.
917,16501 Redland Road
918,9601 Medical Center Drive
919,704 South 2nd Street
920,Cotton Avenue
921,6 Village Center Boulevard
922,524 S Layton Blvd
923,115 E. Front St.
924,1200 North Minnetrista Pkwy
925,Historic Downtown Minturn
926,84 Bartlett Street
927,5635 Johnson Drive
928,3100 Roosevelt Ave
929,Circle Square (by the XXXXs)
930,1670 E 120th St
931,1515 SW 10th Avenue
932,20 E. Willow St.
933,10th St and 16th Ave
934,7700 Block of SE Stark Street
935,"6131 La Salle Ave, Oakland, CA 94611"
936,Middle Street and Island Street
937,153 South Maysville Street
938,119 W. Washington St.
939,300 West Main Street
940,S. Uncompahgre and S. 1st Street
941,11110 Johnson Drive
942,1400 SE Bybee Blvd
943,Intersection Main and Kennebec
944,Main St. & Indiana St.
945,Monroe & Main St.
946,240 E Washington St.
947,111 North Green Street
948,1411 N. Morningside Drive NE
949,6 Normandy Heights Rd
950,Main St. and Morro Bay Blvd.
951,"400 South Main, Moscow, Idaho 83843"
952,1101 Main Street
953,116 E Market Street
954,250 Metacom Ave
955,645 Coleman Boulevard
956,3200 Mt. Pleasant St NW 
957,5 Town Park Lane
958,601 Carpenter Lane
959,Broadway Street between Main & University Streets
960,331 N. Main Street
961,320 N.Bardstown rd
962,1155 College Street
963,1301 Muldoon Road
964,"Outside at Books & Brews, 2100 West White River Boulevard"
965,Veteran's Drive
966,3235 Sardis Road
967,610 S Valley Way
968,301 Main Street
969,1100 West Street
970,7 Erie Avenue
971,1006 Peachtree St.
972,Common Street
973,22155 S.104th Ave.
974,80 E. Second St.
975,Garrity Way
976,Spring & Jefferson St
977,Rt. 46 & Main Street
978,675 Plainfield St
979,On Washington Street between Main & Front Streets in Historic Downtown
980,1997 Acushnet Ave.
981,1119 Pleasant St.
982,466 Brock Ave
983,101 West Rodney French Blvd
984,1620 S. Seguin Ave
985,1820 Ray Avenue
986,1101 Hwy 69 
987,407 West Tavern St.
988,4775 New Harvest Lane
989,Church St. 
990,9200 New Ashcake Road
991,5620 Read Boulevard
992,97 Broadway
993,5 Granite St 
994,1 McFadden Place
995,717 N. Main Street
996,19 Maple Avenue
997,6980 nw hwy 20
998,Shattuck and Vine
999,6241 Main Street
1000,1447 North Main Street
1001,1000 West Maple St
1002,"River Front Park, Rail Road Place"
1003,417 Blust Ave.
1004,311 Bowman St.
1005,1st NE and Delaware
1006,59 Spruce Street
1007,925 First Avenue South
1008,Corner of 3rd Ave SW and Broadway
1009,100 Spring St
1010,37600 New Market Turner Road
1011,1401 Laubach Avenue Municipal Park
1012,Cherry Lane and Meadow Road
1013,University Avenue NE and 7th Avenue NE 
1014,Corner of Main and Astor
1015,105 S. Bay Street
1016,9301 tampa ave
1017,4222 Hamilton Ave
1018,2901 N. Sherman Ave.
1019,Corner of 7 Mile and Center Streets
1020,2-75 North Broad Street
1021,543 Beulah Road
1022,537 Franklin Avenue
1023,Drexel Town Square
1024,3051 W STREETSBORO RD
1025,3200 Jermantown Road
1026,640 Washington Street
1027,1300 Capitol Heights Blvd
1028,"630 East Lake Drive, SUITE E"
1029,corner of SE 3rd Street and SE 3rd Avenue
1030,4900 Newport Avenue
1031,6th Street & Asbury Avenue
1032,239 Ocean Parkway
1033,3200 Union St
1034,67800 Mall Rd
1035,"Mailcode L338, 3181 SW Sam Jackson Park Rd"
1036,4th and Adams
1037,North Figueroa & Ave. 58
1038,N Figueroa & Ave. 58
1039,492 9th street
1040,2237 South King Street
1041,300 Courthouse Square
1042,89 N Center St 
1043,700 Capitol Way N
1044,67th & Center Street
1045,11th & Jackson Street
1046,4031 W. Florissant Ave.
1047,N7332 Water Circle Place
1048,4024 RIchlands Hwy
1049,401 Country Club Road
1050,525 Orange Center Road
1051,303 W. Palm Ave.
1052,2042 Park Ave
1053,"2051, Kaen Rd, off Beavercreek Rd."
1054,16th St. and Canal St.
1055,28 Orinda Way 
1056,22 S. Beach St. (City Hall Plaza)
1057,101 Michigan Ave.
1058,400-500 Blocks N Main St
1059,400 & 500 Blocks N Main St & 100 Block Church Ave
1060,108 W New York Ave
1061,15 Main Street
1062,Maple & Market St
1063,459 W. Morgan Street (SR46)
1064,Corner of Lanier and McClanahan Streets
1065,E. Park Place
1066,500 South C Street
1067,6200 Camp St
1068,306 N 2nd Street
1069,300 N. 30th St
1070,900 E Hwy 372
1071,Peck and Union st.
1072,675 Oak Tree Road
1073,170 Canderlero Dr
1074,1400 W Villaret Blvd
1075,2007 Palolo Avenue
1076,6601 W 127th Street 
1077,27118 Silver Spur Road
1078,Park Square
1079,100 W. Emerson
1080,3400 Georgia Ave NW
1081,"English Landing Park, off Hwy 9 in Parkville MO"
1082,3100 N Walker Ave
1083,17004 Path Valley Rd
1084,Charles Colman Blvd & West Main Street
1085,374 Main ST
1086,1005 Main Street
1087,60 Rhodes Pl
1088,Kiwanis Park
1089,816 S. Beeline Hwy
1090,Madison Street
1091,14888 Peaceful Valley Road
1092,234 S. Arcola St.
1093,555 Bayley Hazen Road
1094,23526 TX-71
1095,68 Fairgrounds Road
1096,Falls Park Drive
1097,101 Route 31 N
1098,2115 Ferguson Rd.
1099,2nd Street between D St and B St 
1100,Petaluma Blvd S and D St
1101,4100 9th St. NW
1102,4725 Yadkinville Rd
1103,901 Old Austin Hutto Road
1104,4128 Warbler Road
1105,116 Main St. - opposite Local 111 restaurant 
1106,1007 E. Jefferson St
1107,910 SE Military Dr
1108,2914 Sandy Ridge Road
1109,910 Rose Avenue
1110,5429 Lafayette Road
1111,130 Adams Lane
1112,Main Street and 1st Ave NW
1113,11000 S. Red Road
1114,2094 Pitkin Avenue
1115,119 E. 11St.
1116,SW Corner of Main and Choctaw
1117,6201 W. Michigan Ave
1118,337 Placerville Drive
1119,220 West Washington
1120,554 Allegan St. 
1121,211 N. Main St. 
1122,2003 Main Street
1123,100 Park Place
1124,205 Market Street
1125,12775 W. Millennium
1126,2nd Street 
1127,Memorial Plaza (next to the train station)
1128,Garro St.
1129,38 Davis Drive
1130,85-037 Pokai Bay Road
1131,675 Ponce de Leon Ave
1132,Highland St
1133,228 S Ridge Street
1134,600 Block Tyler St
1135,N McClellan & N Denver 
1136,NE 7th and Wygant
1137,SE 92nd and Reedway
1138,SW Park and Montgomery
1139,SW Park and Main
1140,"City Hall, 1 Junkins Avenue"
1141,"2824 Prairie Lakes Dr, Ste. 201, Ste. 201"
1142,5955 W. Broad Street
1143,900 Iron Springs Road
1144,4300 Silverwood Street
1145,100 N 100 E
1146,6605 Courts Drive
1147,12900 W. Hwy 42
1148,25 Hagen Road
1149,150 E Spring St
1150,717 E Main Street
1151,1 Valley Park Drive
1152,1 Valley Way
1153,"300  S Meridian (COVID operations at corner of  2nd and Main, downtown Puyallup)"
1154,1700 1st ave
1155,326 N Main St
1156,W Crockett Street and Queen Anne Ave N
1157,Monsarrat and Paki Streets
1158,530 W. Main St.
1159,128 N. 5th St.
1160,777 1st street SW
1161,2959 County Road 333
1162,1966 Highway 62 West
1163,70 Queendale Center
1164,Lion's Park
1165,307 East Reed Street
1166,7711 Goodwood Boulevard
1167,5th Street and Main Street
1168,6400 Perkins Road
1169,12690 SW 280th Street
1170,100 E. State Street
1171,100 E. Redlands Boulevard
1172,2000 North Dewey Avenue
1173,303 S. Scales Street
1174,120 Main Street
1175,110 W Harrison St.
1176,1609 Washington Plaza
1177,118 College Ave.
1178,47 N 6th St
1179,204 S Second St
1180,299 Hughitt Street
1181,3310 Magnolia St.
1182,5484 Carolina Hwy
1183,Bradford Street and Route 202
1184,1800 Walnut Street
1185,30 River Street
1186,Center Avenue
1187,4650 Queensbury Road
1188,116 Dock St.
1189,715 Riverside Avenue
1190,2800 Riverside Drive
1191,10 Pine Ave.
1192,303 Williams Blvd
1193,320 Ogden Avenue
1194,5 S. Walnut Street 
1195,1013 13th Ave
1196,503 Seventh Street
1197,108 Water St.
1198,Route 28 & Monroe Street
1199,9200 NE Fremont St
1200,435 Franklin St
1201,North Main Avenue & 8th Street NW
1202,12724 Main Street
1203,270 County Line Road
1204,1492 East Main
1205,99 Hawthorne St
1206,Oak & N Main
1207,500 City Center Dr 
1208,2720 Kirchoff Road
1209,155-199 Hwy 93
1210,380 Nassau Road 
1211,2020 Beatties Ford Road
1212,302 S. Broadway Ave.
1213,32 Birch St
1214,920 Perry Hwy
1215,201 University Oaks Blvd
1216,3745 Constellation Rd
1217,Kupuna Lp/Kupuohi Street
1218,"7278 Ladysmith Road, "
1219,2645 Whispering Pines Drive
1220,US Highway 8 & W. 2nd  Street
1221,320 West C St. 
1222,16290 5th St 
1223,250 N Union St
1224,220 E. Mississippi Avenue
1225,Rockfish School Lane
1226,700 s third st
1227,135 W. Main St
1228,768 Broad st
1229,3 East Main Street
1230,32 Derby Square
1231,14 Main Street
1232,Gabilan Street
1233,S. Ann Arbor Street
1234,7265 Saline Ann Arbor Road
1235,16 Elm Street
1236,2211 NE 139th Street
1237,817 West Dupont Road
1238,5337 Likini Street
1239,5200 Enrique M. Barrera Pkwy
1240,100 Alemany Boulevard
1241,919 Main St
1242,224 Dexter St
1243,Jackson Street at Homestead Road
1244,50 Mark West Springs Rd.
1245,1501 Farmers Lane 
1246,Courthouse Square & 4th St
1247,4587 Woodbine Road
1248,152 East Grandview Parkway
1249,200 Lake Saracen Drive
1250,Riverside Park
1251,4350 Thomas Drive
1252,115 Main Street
1253,600 Chief Justice Cushing Hwy
1254,46 Institute Lane
1255,"430 Park Ave (Municipal Parking Lot), Scotch Plains, New Jersey 07076"
1256,Rt. 14 & Rt. 97
1257,corner of North Broadway and Washington Street
1258,61 Main St.
1259,5081 Carbondale Drive
1260,1 Blue Hawk Drive
1261,141 Rollins Road 
1262,410 Main Street
1263,200 W Fair Street
1264,1140 Broadway
1265,2868 NC-345
1266,2233 W 16th St
1267,100 north main st.
1268,15 Water Street
1269,Herman Dierks Park   604 East Hayes Avenue
1270,529 Seward St
1271,123 Mulberry Street
1272,235 S. Washington Street
1273,Hwys 44 and 59
1274,151 W Washington Street
1275,170 W. Joe B. Hall Avenue 
1276,5300 Philadelphia Dr.
1277,15415 Westminster Way
1278,3400 Estabrook Parkway
1279,101 Crockett Street
1280,205 Jefferson Street
1281,901 N Pope ST
1282,"3025 Highway 180 E, Silver City, NM 88061"
1283,1500 Griffith Park Blvd
1284,10 Station Ave
1285,2222 Bucklin Hill Rd
1286,2757 Tapo Canyon rd
1287,100 Pearl Street
1288,611 Lincoln Street
1289,6475 Columbus Rd SE
1290,"Gateway Park, 100 Midway Street"
1291,224 Tank Farm Rd
1292,110 Ag. Center lane
1293,"225 elm st, 4"
1294,3315 Hyland 
1295,58 West Main Street
1296,636 Center Street 
1297,444 South Cedros Avenue
1298,193 E. Corral Ave
1299,800 Georgian Place 
1300,167 Holland Street
1301,50 Cross Street
1302,530 Mystic Avenue
1303,24 North Street
1304,4750 Soutel Dr
1305,Adeline at 63rd Street
1306,6060 Collier Blvd
1307,39 Ballpark Road
1308,900 Fuller Ave SE
1309,2000 South Blvd.
1310,3309 W. Hwy 29
1311,105 W. Danville Street
1312,2 Salt Pond Rd
1313,2748 Young Street
1314,110 W. Liberty
1315,6130 Sunset Dr
1316,11th and Milwaukee Avenues
1317,12 Sloan Street
1318,Alder Street and Cedar Avenue
1319,Lake & Illinois Avenues
1320,3508 S Moody Avenue
1321,220 Nevers Rd.
1322,1900 Constitution Ave
1323,8505 Durand Ave
1324,Wadsworth and Bowles
1325,497 Farmers Market Drive
1326,18917 Joy Road
1327,23500 US Hwy 160
1328,1231 Pyramid Way 
1329,1068 Main Street
1330,4600 Spotsylvania Parkway
1331,12150 Gordon Road
1332,992 E. Emma Ave.
1333,Public Square
1334,9660 Wicker Avenue
1335,N.Lombard and N.Philidelphia
1336,300 North Mill Street
1337,4100 Shelbyville Rd
1338,204 S Talbot St
1339,210 Holyoke
1340,First Street and First Avenue South
1341,4280 N. Campbell Rd
1342,31 Main Street
1343,1000 N. First St.
1344,Third Ave & Florence St
1345,One Armory Square
1346,180 Airport Road
1347,392 Main St
1348,"Hoppe Spring Park, Church Street"
1349,301 Spring Street
1350,1567 Pilgrim Drive
1351,1799 Mountain Road
1352,524 N. Main Street
1353,380 W. Crosier St.
1354,200 Miller road
1355,"4138 Main St, Unit A"
1356,one Ardovino Dr
1357,Murphy Avenue at Washington Avenue
1358,"Superior Food Court, Main Street"
1359,Intersection of Surfside Drive and Willow Drive
1360,Veteran's Pkwy & Surfside Blvd
1361,501 Main 
1362,N1915 Julius Dr
1363,422 Guadalupe St
1364,3200 Jones Rd
1365,Intersection of M22 & M204
1366,330 Town Center Ave
1367,121 Park Avenue
1368,6942 West Comanche Avenue
1369,400 N Lake Blvd
1370,13101 So. Virginia Street
1371,400 Camina de la Placita
1372,751 Taylorsville Rd
1373,Main Street at West Court Street
1374,28 Main St
1375,South Oak St
1376,5300 Claremont Ave.
1377,11302 N 56th St
1378,po Box 554
1379,3380 Chicago Dr.
1380,2800 Poplar Street
1381,"Lakeline Mall parking lot, behind Sears & Dillard's"
1382,2006 Philomena St.
1383,7110 West Q Ave
1384,113 Market Street
1385,Towncenter lane
1386,2 S Artillery Dr
1387,7 Ballpark way
1388,Pitts Street and Commerce Street
1389,Lancaster BLVD
1390,111 Capitol Heights Blvd
1391,One Public Square
1392,2200 Walker Avenue
1393,183 main street
1394,001 - 1st Street
1395,13060 Factory Lane
1396,411 Wessel Drive
1397,Main St
1398,"250 Jackson Street, 5th Floor"
1399,3900 Campus Drive
1400,156 Sterling City Road
1401,1686 county road 517
1402,The Singing Fountain
1403,1335 Donald Lee Hollowell Parkway
1404,3800 Main Street
1405,30 Alabama Street SW
1406,70 Hamilton E. Holmes
1407,11939 Madera Run Pkwy 
1408,"213 Market St SE 3rd Floor, Downtown Roanoke Inc."
1409,19305 Gulf Blvd
1410,210 Center Ave
1411,1408 Short Eleventh St
1412,66 East Mill Road
1413,194 Second St.
1414,492 Hill St.
1415,801 W Washington St.
1416,1st and Gjoa
1417,611 Doug Baker Blvd
1418,12025 Susquehanna Trail S
1419,7 Fan Hill Road
1420, 135 East Main st
1421,14697 Delaware St
1422,401 NE Second St.
1423,3220 E 3rd St.
1424,320 N McDowell Blvd
1425,Parking lot at Boyes Blvd & Hwy 12
1426,304 Armstrong Blvd n
1427,2000 Territory Drive
1428,225 Main St
1429,625 Booth Street
1430,2242 N. Main St.
1431,5329 Oleander Dr
1432,250 First Street 
1433,Corner of Cottonwood and Gibson Rd
1434,Corner of 3rd Street and Duluth Ave.
1435,"Avenue of the Flags, San Rafael , California 94903"
1436,Burnham Street at Main Street
1437,11652 Hydetown Road
1438,10 Quintal Drive
1439,235 E. Henri De Tonti Blvd
1440,21st & Main Street
1441,7720 Harwood Ave
1442,410 N. Main Street
1443,6573 Route 30
1444,235 Trailblazer Lane
1445,95 Coral Reef
1446,1200 Startkweather Ave
1447,Trout Creek Park
1448,Riverfront Park
1449,175 Monroe Road
1450,6th and Madison Streets 
1451,200 Park Street
1452,415 South Spring Street
1453,1900 Jack Warner Pkwy
1454,Main Street City Park and Fairgrounds
1455,106 Avenue A
1456,106 Lakeside Drive
1457,290 Farmers Market Way
1458,115 Durham Drive
1459,280 Common Road
1460,66-70 Union Square
1461,4949 Celebration Pointe Ave
1462,3600 Walnut Street
1463,2850 Tremont Rd
1464,4620 N. Broadway
1465,Fifth Street and Evans Street
1466,220 Maxwell Avenue
1467,62 N. State St.
1468,2752 Buffalo Speedway
1469,102 Capitol Ave
1470,9020 Amelung Street
1471,Corner 12th St. & Independence Ave. SW
1472,"Chancellor Park, Elizabeth St."
1473,210 Southpark Dr.
1474,Galleria Shoppes at Vanderbilt
1475,17519 Vashon Highway SW
1476,Main and Market Streets
1477,515 High Street
1478,Depot Park (at the Walmart Shopping Plaza)
1479,251 West Street
1480,PO Box 873
1481,Lakeview Parkway and Hawthorn Parkway
1482,18 Gov Center Ln
1483,300 N. Richardson 
1484,2805 North Navarro
1485,5106 Fleet Ave
1486,165 N Washington St
1487,Stephen Street & Talcott Avenue (behind LaDolce Vita)
1488,5127 Oakton Street
1489,102 N. Second St.
1490,212 E 1st Street
1491,100 W. Shaw
1492,1017 North Highland Avenue NE
1493,3250 S. Miami Ave
1494,195 Main Street
1495,68 Maple Ave.
1496,Main Street West & Allegheny Avenue next to Hillâ€™s Hardware
1497,500 Washington Avenue
1498,115 S Main Street 
1499,1139 A Kilani Avenue
1500,Corner of 7th and Beech
1501,98-1650 Kaahumanu Street
1502,94-870 Lumiana Street
1503,41-741 Kalanianaole Highway.
1504,94-230 Paiwa Street
1505,8100 Braddock Road 
1506, 4800 Meridian Ave N 
1507,1799 Locust Street
1508,23400 Park Road 12
1509,3211 Harborview Drive
1510,22 Locust Street
1511,690 Thomaston Rd.
1512,501 7th St SE
1513,850 Rossville Road
1514,1460 n Augusta Ave
1515,149 South Main Street
1516,397 Boston Post Road
1517,Center & Main
1518,200 Willow Ave. Route 6
1519,Warren and Woodward Ave
1520,215 McElroy St.
1521,High Street 
1522,41 Grove Avenue
1523,106 East Tracy Street
1524,Baker's Island
1525,"1028 Ridge Road, Webster Towne Center"
1526,Wayne Avenue & Hospital Rd
1527,1 State Street
1528,2931 Monroe Avenue
1529,200 Main Street
1530,4394 W Washington Blvd.
1531,851 Couvillion St
1532,1210 Patterson Ave. SW
1533,355 Main Street
1534,1600 Purdue Ave.
1535,3065 N Salisbury St
1536,80 Main Street
1537,1380 Bill Virdon Blvd.
1538,2233 W Division St
1539,186 Providence St
1540,19251 N Westbrook Parkway
1541,10503 Westheimer Road
1542,"315 Main Street, Jess Price Park"
1543,61-85 Main Street
1544,Main and 11th st
1545,21 South State Street
1546,36 Court St
1547,2925 W. Broad Street
1548,1901 N. Carlson
1549,21-33 Academy St. (Town Common)
1550,9705 Westport Road
1551,750 University Row
1552,510 W. Ottawa St.
1553,Corner of Western Drive and Mission St.
1554,1030 Broxton St
1555,1 Wildcat Way
1556,105 College Street
1557,1501 W White Mountain Blvd
1558,26 White St.
1559,3379 Millbranch Road
1560,NIBROC Park
1561,Billwoods Park 
1562,2608 Blaisdell Ave S
1563,4412 Callaghan Rd
1564,4020 Naco Perrin
1565,802 Pecan Valley
1566,630 S General McMullen
1567,8116 19th St
1568,842 CBD Loop
1569,225 Penn Avenue
1570,345 W. Duke of Gloucester Street
1571,54 3rd. Ave. W.
1572,1425 Lincoln Avenue
1573,Larawy Rd
1574,Meridian & Washington St.
1575,1262 Winchester Rd
1576,9950 E CORNVILLE RD
1577,Market Street
1578,323 Vermont Avenue
1579,333 Main Street
1580,420 W. 1st St.
1581,883 Highland Avenue SE
1582,100-198 1st Avenue South
1583,309 E. Main Street
1584,"570 Brevard Road, Asheville, NC  28806"
1585,640 S KY 15
1586,233 South Main St
1587,8924 CR 7100
1588,N. Gratz St.
1589,525 Marsailles Road 
1590,6 Maple Lane
1591,Market Street and Elm Street
1592,11900 Country Club Rd.
1593,112 S. Benton St.
1594,13th St. and Locust Ave. 
1595,2250 W Sunstone Dr
1596,450 Clinton St
1597,Middletown Grange 576 Penns Park Road
1598,210 W. Spring Street
1599,65 N. Main St.
1600,"Buttonwood Drive, Buttonwood Park"
1601,"Main Street, North of Elm Street"
1602,1940 North 30th Road
1603,1901 South Tiger Drive
1604,800 Towne and County BLVD.
1605,23501 Cinco Ranch BLVD.
1606,4503 Canyon Village  Trace Dr.
1607,14303 West Lake Houston Parkway
1608,17317 Cathedral Pines Drive
1609,9945 Barker Cypress Road
1610,16 S Washington
1611,1712 Fairlane Road
1612,12062 California St
1613,103 N Arendell Ave
1614,Beaver Street and South Division Street
