1018261,https://www.caledoniafarmersmarket.com
1000709,http://www.highlandsnj.com
1009959,http://www.metroparks.org
1004950,http://www.3frenchhensmarket.blogspot.com
1019938,http://www.3rddayfarm.com
1018965,https://experimentalstation.org/market
1019473,http://www.aberdeensundaymarket.org
1010487,http://www.abingdonfarmersmarket.com
1019695,https://www.townofabitasprings.com/farmers-market
1019351,http://www.acfarmersmarkets.org
1008961,http://www.adaptationsaloha.com
1019203,http://AGFarmersMarket.com
1012233,http://www.agricenter.org/farmersmarket/
1005258,http://www.honolulu.gov/parks/programs/pom
1008612,http://www.441market.com
1004070,http://www.alamosafarmersmarket.org
1000519,http://www.visitalexbay.org
1021464,https://www.louisiana-central.com/alexandria-farmers-market
1021597,https://visitalgomawi.com/market/
1019831,http://www.acfarmersmarket.com
1019832,http://www.acfarmersmarket.com
1012389,http://www.alohacommunityfarmersmarket.org
1020150,http://svsaturdaymarket.org/
1021309,http://www.farmtocitymarkets.com
1011171,http://www.amesmainsteetfarmersmarket.com
1019438,https://amquistation.org/farmers-market/
1005944,http://www.anacortesfarmersmarket.org
1019647,https://www.andersoncountysc.org/parks/
1003516,http://www.andersonvillemarket.org
1020060,http://andoverfarmersmarket.com/
1019484,https://www.fairfaxcounty.gov/parks/farmersmarkets/annandale
1018934,http://www.antigomarket.com
1019350,https://www.antioch.il.gov/?s=Farmers+Market
1000431,http://www.appletondowntown.org
1021359,https://aquidneckcommunitytable.org/
1021733,https://aquidneckcommunitytable.org/
1021732,https://aquidneckcommunitytable.org/
1019662,https://www.arlington-vermont.com/farmers-market
1019904,https://guide.farmfreshri.org/food/farmersmarkets_details.php?market=17
1019222,https://www.arnoldmo.org/government/departments/parks-recreation/arnold-farmers-market/
1009810,http://www.ashlandfarmersmarket.org/
1021627,http://www.astoriasundaymarket.com
1001245,http://www.asuregionalfarmersmarket.org
1002984,https://atchisonkansas.com/business-directory/atchison-farmers-market
1005086,http://www.athensfarmersmarket.org
1018033,http://www.athensfarmersmarket.net/
1018032,http://www.athensfarmersmarket.net/
1018330,http://www.attleborofarmersmarket.com
1021225,https://seela.org/markets-atwater-village/
1019789,http://www.auburnfarmersmarket.org
1019396,http://www.avongov.org/category/subcategory.php?categoryid=28
1021528,https://thebackyardmarkets.com
1021530,https://thebackyardmarkets.com
1021529,https://thebackyardmarkets.com
1019076,https://www.villageofbaldwin.com/community/page/main-st-farmers-market
1021338,http://www.sfmamarkets.com/visit-ballard-farmers-market
1012081,http://www.bangorfarmersmarket.org
1021582,http://barmbargains.com
1001604,http://www.barnegat.net
1020029,http://www.barrowcountyfarmersmarket.com
1003335,http://www.basaltsundaymarket.com
1000436,http://www.bastrop1832farmersmarket.org
1021540,https://downtownbatavia.com/farmers-market/
1021265,http://Www.Batesvillefarmersmarket.com
1021443,http://www.battlecreekfarmersmarket.com
1019617,https://www.bayareafarmersmarkettexas.com/
1018735,http://www.beaumontfarmersmarket.org
1021630,http://beaverdalefarmersmarket.org/
1019853,http://Www.bedfordfarmersmarketnh.org
1019400,http://bedminsternj.hosted.civiclive.com/township_services/farmers_market
1010607,http://www.BelAirFarmersMarket.com
1011902,http://bellevilleks.org
1021363,http://www.bellevillecentralbusinesscommunity.com
1008140,http://www.bellinghamfarmers.org
1001533,http://www.beniciamainstreet.org
1018644,http://www.bennetfarmersmarket.com/
1021403,https://www.downtownbentonville.org/event/fm
1005183,http://www.berkeleyspringsfarmersmarket.com
1019967,http://bethaltomarketinthepark.org
1021322,https://bethanybeachfarmersmarket.com/
1010406,http://www.centralfarmmarkets.com
1012494,http://www.bethlehemfarmersmarket.com
1020196,http://beverlyhills.org/departments/communityservices/farmersmarket/
1019765,http://www.bexleyfarmersmarket.org
1005949,http://www.highdesertfarmersmarket.com
1019338,http://www.biglakemn.org/350/Farmers-Market
1019339,http://www.biglakemn.org/432/Winter-Farmers-Market
1019591,http://billericafarmersmarket.org
1021508,https://birdsboropa.org/community-events/
1011037,http://www.bismarket.com
1012163,http://BlairstownFarmersMarket.com
1011829,http://www.bloomfieldpgh.org
1018396,http://bloomington.in.gov/farmersmarket
1018563,http://bloomingtonwinterfarmersmarket.com
1019932,http://summitparkblueash.com/residents/farmers_market.php
1020098,http://www.bluegrassfarmersmarket.com
1019372,https://www.explorebluffton.com/farmers-market
1018092,http://www.thebmi.org/programs-events/bmi-farmers-market/
1018313,http://WWW.THEBOISEFARMERSMARKET.COM
1018316,http://www.theboisefarmersmarket.com
1020101,http://www.boonecountyfarmersmarker.org
1006833,http://www.boonefarmersmarket.com
1019318,https://boonvillemofarmersmarket.weebly.com/
1001526,http://www.bouldermtchamber.org
1019165,http://www.cityofbowie.org/103/Farmers-Market
1020096,https://boyd.ca.uky.edu/content/farmersmarket
1020099,https://boyd.ca.uky.edu/content/farmersmarket
1019205,http://boynecitymainstreet.com/farmers-market-welcome/
1021248,http://www.braeswoodfarmersmarket.com
1018227,http://www.braintreefarmersmarket.org
1002407,http://www.brattleborofarmersmarket.com
1011075,http://www.brattleborowinterfarmersmarket.org
1018556,http://www.bremertonmarket.com
1018756,http://visitbrighamcity.com/farmersmarket
1005483,http://www.hitchcockacademy.org
1019905,https://guide.farmfreshri.org/food/farmersmarkets_details.php?market=3
1019257,http://www.town.broadway.va.us/farmers-market.html
1019984,https://www.brocktonfarmersmarket.com/
1019527,http://www.101farmersmarket.com/
1021210,https://www.brooklinefarmersmarket.com
1021736,https://www.brooksidefarmersmarket.com/
1018891,http://www.hernandogrowers.org
1021262,http://www.broomecountyregionalmarket.com
1019906,https://guide.farmfreshri.org/food/farmersmarkets_details.php?market=5
1019727,https://www.brownsburg.org/category/subcategory.php?categoryid=8
1008607,http://www.btlt.org/farmers-market
1021311,http://www.farmtocitymarkets.com
1019218,http://villagevents@cox.net
1000843,http://www.burbankfarmersmarket.org
1019492,https://www.fairfaxcounty.gov/parks/farmersmarkets/burke
1021524,http://www.burkeareafarmersmarket.com
1019965,https://www.burlingtonfarmersmarket.org/
1021728,http://burrillvillefarmersmarket.org
1001362,http://www.mainstrreetbutte.org/fmarket.htm
1021238,https://www.buylocalmarket.org/
1020089,http://www.gocadiz.com
1019922,https://www.calaverasgrown.org/
1018263,https://www.caledoniafarmersmarket.com/
1020188,https://uvfm.org/palo-alto-sundays
1018459,https://www.visitstmarysmd.com/food-drink/detail/california-farmers-market
1019997,http://www.camarillofarmersmarket.com
1020160,https://www.cambriafarmersmarket.com
1020183,http://www.uvfm.org
1002674,http://www.camelliacitymarket.org
1021575,http://eldoradofarmersmarket.com
1020184,https://uvfm.org/campbell-sundays
1009034,http://Canaldistrictfarmersmarket.com
1019810,https://www.canalmarketdistrict.org/
1012038,http://coastalpacificinfo.us
1019772,https://www.canton-mi.org/496/Canton-Farmers-Market
1021435,http://www.CantonFarmersMarket.com
1021655,https://www.downtowncapegirardeau.com/cape-riverfront-market/
1011930,http://www.downtowndoverpartnership.com/
1018359,http://www.capitalharvestdc.com
1008450,http://www.montereybayfarmers.org
1006651,http://www.carnationfarmersmarket.org
1021269,http://www.carrborofarmersmarket.com
1021213,https://carsonfarmersmarket.com/
1021740,http://HistoricNewEngland.org/CaseyFarmMarket
1008276,http://www.catawbacountync.gov/phealth/Adult/FarmersMarket.asp
1019159,https://www.catawbafarmersmarket.com/
1012484,http://www.cedarmillfarmersmarket.org
1021362,http://www.celinafarmersmarket.com
1018734,http://celinamarketonthesquare.com/
1021226,https://seela.org/markets-central-avenue/
1019907,https://guide.farmfreshri.org/food/farmersmarkets_details.php?market=607
1019618,http://www.ckfarmersmarket.org
1020142,http://www.certifiedfarmersmarkets.org
1020141,http://www.certifiedfarmersmarkets.org
1020058,http://www.cffma.com
1020057,http://www.cffma.com
1020056,http://www.cffma.com
1021267,https://champlainislandsfarmersmarket.org/
1021564,https://champlainislandsfarmersmarket.org/
1018886,https://ctfm.jeffersongap.org
1021741,https://charlestownlandtrust.org/farmers_market.html
1011689,http://www.charlottefarmersmarket.com
1004754,http://www.chelseafarmersmarket.org
1021310,http://www.farmtocitymarkets.com
1020128,http://chicofarmersmarket.com
1020129,http://chicofarmersmarket.com
1020127,http://chicofarmersmarket.com
1001763,http://www.chilhowie.org
1008409,http://www.chippewafallsmainst.org/Farmers_Market.html
1021237,https://www.douglasvillega.gov/government/city-departments/keep-douglasville-beautiful/church-st-farmers-market
1021653,http://www.circlesquarecommons.com
1019141,https://www.cityofflorence.com/local-foods-initiative/city-center-market
1005250,http://www.honolulu.gov/parks/programs/pom
1021199,http://sdfarmbureau.org
1019717,https://www.auburnalabama.org/parks/programs/city-market/
1004255,https://www.cityofloveland.org/farmersmarket
1017956,http://explorenorthadams.com/item/north-adams-farmers-market/
1000303,http://www.plymouthmn.gov
1021433,http://www.sevenhillsohio.org/en-US/farmers-market.aspx
1021420,http://www.scsmi.net
1006460,http://www.whitebearlake.org
1005940,http://www.cityseed.org/edgewood-park
1005941,http://cityseed.org/fair-haven/
1019206,http://cityseed.org/indoor-winter-market/
1005943,http://cityseed.org/wooster-square/
1002106,http://www.claremontforum.org
1019061,http://www.claremontnh.com/residents/departments/parks-and-recreation/farmers-market.aspx
1000579,http://www.clarencefarmersmarket.com
1019741,https://www.clemmons.org/243/Clemmons-Farmers-Market
1019704,http://clevelandparkmainstreet.org
1018381,http://www.saratogafarmersmarket.org/clifton-park-farmers-market/
1019823,https://clintonnychamber.org/farmers-market/
1019763,http://www.clintonvillefarmersmarket.org
1019474,http://www.coopfarmersmarket.com
1018969,https://www.coastalmarket.org
1019821,http://www.coastalmarket.org/
1020135,http://www.coastsidefarmersmarkets.org
1020137,http://www.coastsidefarmersmarkets.org
1021232,http://www.cpwa.us/residents/events/farmers_and_artisans_market.php
1001290,http://www.collinsvillefarmersmarket.org
1000210,http://www.farmandartmarket.com
1009656,http://www.farmandartmarket.com
1018196,http://columbiafarmersfreshmarket.com/
1019790,http://columbiafarmersmarket.org
1010758,http://MountainPeopleOrganics.com
1020124,https://www.colusacertifiedfarmersmarket.com
1021541,https://www.comethrupdx.org/
1019592,http://comofarmark@aol.com
1019042,https://www.cga.ct.gov/osh/farmersmkt.asp
1012030,http://waccamawmarkets.org/
1006766,https://coosbaydowntown.org/farmers-market/
1018190,http://www.coralville.org/farmersmarket
1021639,https://www.adelantemujeres.org/cornelius-farmers-market
1012666,http://www.ccdowntownfm.com
1008959,http://www.cortezfarmmarket.com
1021691,http://www.locallygrown.org
1018629,http://www.ilovefarmersmarkets.org
1004382,http://www.cottinshardware.com/farmersmarket/
1018221,http://www.cottonmillfarmersmarket.org
1000368,http://www.countrylanemarket.com/farmers-market
1019530,http://cvcountryside.org
1019529,http://cvcountryside.org
1019531,http://cvcountryside.org
1019258,http://cvcountryside.org
1019325,http://www.coventryfarmersmarket.org
1019296,https://www.rcov.org/covfarmersmarket/
1012552,http://www.cowtownmarket.com
1021330,https://www.crawfordsville.net/topic/index.php?topicid=160&structureid=13
1021331,https://www.crawfordsville.net/topic/index.php?topicid=160&structureid=13
1021227,https://seela.org/markets-crenshaw/
1019260,http://www.crescentcityfarmersmarket.org/
1019261,http://www.crescentcityfarmersmarket.org/
1019262,http://www.crescentcityfarmersmarket.org/
1012365,https://www.crossroadscommunityfoodnetwork.org/farmers-market/
1021346,http://www.culvercityfarmersmarket.org
1021387,http://www.town.cumberland.in.us/government/departments/farmers_market/index.php
1019539,http://www.farmersmarketinthefalls.weebly.com
1004516,http://www.danburyfarmersmarket.org
1018157,http://mvgrowers.com
1019100,http://www.daybreakfarmersmarket.com
1021457,https://gethealthydesoto.org/
1018945,http://www.dearbornfarmersartisansmarket.com
1019970,https://cfmatl.org/decatur/
1021570,http://decorahfarmersmarket.com
1012296,http://www.vi.deforest.wi.us/index.asp?Type=B_BASIC&SEC={38A90127-1135-4F1B-99D2-5AC8EE5AF484}
1011103,http://www.dekalb.org/farmersmarket
1002536,http://www.montereybayfarmers.org
1018416,http://www.DelcambreMarket.org
1019308,http://delmarmarket.org
1020191,http://delraycra.org
1021591,http://achdo.org/delridgefarmersmarket
1021649,https://www.dentonmarket.org/
1007255,http://www.DMFM.org
1021318,http://www.farmtocitymarkets.com
1018958,http://dillsburgfarmersma.wixsite.com/dbgfarmersmarket
1019458,http://villageofdimondale.org
1019439,http://www.dovecreekfood.org
1018706,http://dothousehealth.org/
1020111,http://www.doreyparkfarmersmarket.org
1003046,http://www.dousmanchamber.org/farmers_market.html
1009829,http://www.seacoastgrowers.org
1021296,https://downtoearthmarkets.com/
1016867,http://growingrootspartners.com
1019667,http://alachuafarmersmarket.com
1009043,http://www.allenparkdowntown.org
1003643,http://www.downtownbeloit.com
1020064,https://ecologycenter.org/fm/
1020000,http://downtownbloomington.org
1020001,http://downtownbloomington.org
1019370,https://www.cantonmainstreet.org/farmers-market/
1019944,https://www.downtownchico.com/event-thursday-night-market_16.htm
1000841,http://www.downtowndenisonfarmersmarket.com
1019401,https://www.downtownelgin.com/farmers-market/
1021631,http://Cityofevanston.org/farmersmarket
1008853,http://www.downtownevansvillefarmersmarket.com
1002400,http://www.murraymainstreet.org
1019032,http://www.lancastercitysc.com 
1019856,http://www.murrayfarmersmarket.com
1019216,http://dfpfarmersmarket@yahoo.com
1012243,http://downtownfdl.com/farmers-market.html
1012256,http://downtownfdl.com/farmers-market.html
1019654,https://downtowngreenbay.com/explore/downtown-events/saturday-farmers-market
1019341,https://www.thinklawrenceburg.com/event/downtown-lawrenceburg-farmers-market-13/
1018930,http://mqtfarmersmarket.com
1003977,http://newportfarmersmarket.org
1018621,http://www.ilovefarmersmarkets.org
1021716,https://downtownphoenixfarmersmarket.org/
1021411,https://www.downtownrogersinc.org/market
1005281,http://www.santacruzfarmersmarket.org
1019525,https://downtownyakimafarmersmarket.com/
1019729,http://www.cityofdresden.net/
1004676,http://www.druidhillmkt.org
1005358,http://www.pcfma.org
1005197,http://www.DubuqueFarmersMarket.org
1019994,http://www.downtownduluth.com
1018953,http://www.durangofarmersmarket.com/
1000312,http://www.durhamfarmersmarket.com
1009830,http://www.seacoastgrowers.org
1012345,http://duvallfarmersmarket.org
1019082,https://www.fallonfoodhub.com/farmers-market/
1021275,https://www.insideeaglesprings.com/farmers-markey/
1018159,http://cfmatl.org/eav
1021303,https://external.ebnhc.org/en/food-access/farmers-market.html
1021414,https://www.ebnhc.org/en/food-access/farmers-market.html
1011673,http://eastendfoundation.org
1019079,https://eastgreenbushlibrary.org/events-newsletters/farmers-market/
1020133,http://www.ehfarmersmkt.com/
1011113,http://www.eastnashvillemarket.com
1020172,https://www.freshapproach.org/epa-farmers-market/
1012717,http://www.downtowneastpoint.com/eastpointfarmersmarket/
1019094,http://chemung.cce.cornell.edu/agriculture/buy-local/farmers-markets
1021698,http://easthamptonmarket.com
1009867,https://eastonfarmersmarket.com
1019624,http://eastsidesundaymarket.org
1021228,https://seela.org/markets-echo-park/
1012783,http://www.edentonfarmersmarket.com
1012160,http:// www.historicedmonds.org/summer-market
1019118,http://www.eggharbordoorcounty.org/events/farmers-market/
1021574,http://eldoradofarmersmarkets.com
1019936,https://monte.campaignrep.org/
1019921,http://Elginfarmersmarket.com
1018900,http://www.ellingtonfarmersmarket.com
1018898,http://Www.ellingtonfarmersmarket.com
1018717,http://www.newtonma.gov/farmersmarket
1021207,http://elmwoodmarket.org
1002657,http://www.emmausmarket.com
1002769,http://www.leelanaufarmersmarkets.com
1019398,https://downtownjoplin.com/joplin-empire-market/
1012045,http://www.encniofarmersmarket.org
1019684,http://www.ashevillefarmstead.org/enka-candler-tailgate-market
1018765,http://ennistx.com/farmers-market
1019687,http://enumclawplateaufarmersmarket.org
1006678,http://www.espanolafarmersmarket.org
1003568,http://estacadafarmersmarket.org
1020053,https://www.etnafarmersmarket.com/
1010195,https://www.evart.org/our_community/farmers_market.php
1005267,http://www.honolulu.gov/parks/programs/pom
1007798,http://www.seacoastgrowers.org
1019081,https://vtfarmersmarket.org/
1018622,http://www.ilovefarmersmarkets.org
1019186,http://www.FairfaxSaturdayMarket.com
1018562,http://Www.fairwoodfarmersmarket.com
1019457,http://www.fallbrookfarmersmarket.com/
1010889,http://www.fallsparkfarmersmarket.com
1021514,https://www.indiancreekplaza.com/farm-to-fork-farmers-market
1019499,http://www.sphp.com/mercy-cares-for-kids
1019523,https://www.farmersandcraftsmarketoflascruces.com/
1018937,http://www.farmersbranchmarket.com/
1018131,http://www.stjohns-episcopal.com
1019705,http://farmersmarketnorthscottsdale.com
1005069,http://www.farmersmarketbluffton.org
1021620,https://www.madisonmainstreet.com/farmers-market
1005159,http://www.LoveYourFarmer.com
1021538,https://farmersmarketogden.com/
1021581,http://www.farmersmarketongrandparkway.com/
1021595,http://FarmersMarketPartners.com
1019862,http://www.farmersonthesquare.com
1016870,http://www.hamakuaharvest.org
1021460,https://fayettecountyfarmersmarket.wordpress.com/
1012627,http://fearringtonfarmersmarket.com
1002721,http://www.feltonfarmersmarket.org
1018973,http://fergusonfarmersmarket.com/
1019771,http://fibbrew.com/farmers-market-application/
1020008,http://www.fightingvillefresh.com
1019677,https://www.fireflyfarmwichita.com/
1004377,http://settlementshops.com
1019897,http://fleming.ca.uky.edu/anr/farmersmarket
1021453,http://www.fondymarket.org
1019123,http://www.wyfftp.org/summermarket
1000958,http://www.forestfarmersmarket.com
1021638,https://www.adelantemujeres.org/forest-grove-farmers-market
1021504,http://www.foresthillsfarmersmarket.com
1018989,http://www.cityoflawrence.org/fortbenfarmersmarket
1019101,https://www.foxlakefarmersmarket.com/
1002880,http://www.frankenmuthfarmersmarket.org
1019298,http://www.franklincountyfarmersmarket.org/
1019147,http://discoverdowntownfranklin.com
1021654,https://www.fpconservatory.org/education-programs/outreach-programs/farmers-market/
1020092,https://franklinsimpsonfarmersmarket.com/
1021565,http://www.FranktonTownMarket.com
1012429,http://www.freedomfarmersmkt.com
1021353,http://www.freighthousefarmersmarket.com
1019600,http://www.freiheitvillagefm.com
1012466,http://chestercountyfoodbank.org/programs/fresh2you/
1011730,http://friendswoodmarket.com
1021552,http://www.fortthomasfarmersmarket.com
1019762,https://ftwaynesfarmersmarket.com/
1019285,https://ftwaynesfarmersmarket.com/
1019998,http://fulshearfarmersmarket.com/
1019949,http://fultonstallmarket.org
1006661,http://www.fultonstreetmarket.org
1021590,https://www.fvgrowersmarket.com/
1019630,http://www.gallatintn.org/life-in-gallatin/farmers-market
1011814,http://coastalpacificinfo.us
1018831,http://gardnerfarmersmarket@gmail.com
1021662,https://www.gpcommunitycouncil.org/programs/neighborhood-market
1021677,http://thegatewayfarmersmarket.com
1012033,http://waccamawmarkets.org/
1019602,http://gohealthyhouston.org/farmersmarkets/
1019603,http://gohealthyhouston.org/farmersmarkets/
1019604,http://gohealthyhouston.org/farmersmarkets/
1019605,http://gohealthyhouston.org/farmersmarkets/
1019606,http://gohealthyhouston.org/farmersmarkets/
1019607,http://gohealthyhouston.org/farmersmarkets/
1019608,http://gohealthyhouston.org/farmersmarkets/
1021461,http://gilbertmarket.com
1021284,http://Gilmantonfarmersmarket.com
1008573,http://www.gladstone.mo.us/farmersmarket/
1002767,http://www.leelanaufarmersmarkets.com
1019710,https://www.glensfallsfarmersmarket.com/
1019414,https://www.glenwoodsundaymarket.org/
1021364,http://www.dem.ri.gov/programs/agriculture/farmersmarkets.php
1020050,http://goodlocalmarkets.org
1021308,http://www.farmtocitymarkets.com
1012253,http://goshennychamber.com
1005937,http://www.grfarmersmarket.org/
1017947,http://www.leapforlocalfood.org/grandin
1021484,https://cfmatl.org/markets/
1009808,http://greatfallsfarmersmarketturners.blogspot.com/
1021456,http://www.gwcfb.org
1006059,http://www.watertownfarmandcraft.com
1021289,https://greeleygov.com/activities/fm/home
1021319,http://www.greencitymarket.org
1021320,http://www.greencitymarket.org
1004849,http://www.piedmontpark.org/programs/green_market.html
1006997,http://walkergreenscene.com/walker-farmers-market/
1019805,https://greenbeltfarmersmarket.org
1019132,http://exploregreene.com/events/farmersmarket
1018472,http://www.gretnafarmersmarket.org
1021382,http://www.grinnellfarmersmarket.com
1021536,https://www.grovefarm.com/grovefarmmarket
1019088,http://www.GrowBatonRouge.com
1018619,http://www.guttenbergiowa.net/farmers-market.html
1005265,http://www.honolulu.gov/parks/programs/pom
1001804,http://www.townofhalifax.com
1021584,https://hpna.wildapricot.org/Farmers-Market
1019673,http://www.hamiltonshistoricfarmersmarket.com
1019738,http://www.hampdenfarmersmarket.com/
1019209,https://www.hamptonblvdfarmersmarket.com
1021583,http://www.hanafarmersmarket.org
1006425,http://halehalawai.org/
1019065,https://hancockfarmmarket.wixsite.com/home
1019148,http://www.hanover-market.com
1019770,http://asiaohio.org 
1018380,http://www.ci.harker-heights.tx.us/index.php/programs-a-events/farmers-market
1021696,http://www.harlingenfarmersmarket.com
1021555,http://www.harrisoncitymarket.com
1011782,http://hartfordfarmersmarket.weebly.com/
1019373,http://harvesthomefm.org
1002339,http://harvesthomefm.org
1002335,http://www.harvesthomefm.org
1009660,http://www.honoluluparks.com
1018282,http://haymakermarket.com/
1020044,http://haymakermarket.com
1021671,https://healthynewalbany.org/farmers-market/
1021672,https://healthynewalbany.org/farmers-market/
1021211,http://www.rhhtfoundationinc.org
1019786,http://www.heberut.gov
1019757,https://www.weho.org/farmersmarket
1019192,http://www.hendersoncountytailgatemarket.com
1021282,http://heritageacres.net
1003684,http://www.heritagefarmersmarket.blogspot.com
1019234,https://www.whitemtncommunitycoop.com/
1006285,http://www.cityofhernando.org/farmersmarket
1019486,https://www.fairfaxcounty.gov/parks/farmersmarkets/herndon
1019224,http://www.highdesertfarmersmarket.com
1019220,https://www.highpointnc.gov/1753/High-Point-Farmers-Market
1012260,http://highspringsfarmersmarket.com
1006831,http://thehighlandcenter.org/farmers-market
1021327,http://denverfarmersmarket.com
1018951,https://highway7market.wixsite.com/manson
1019688,http://www.kressfarm.org
1019959,https://www.hillsboromarkets.org/
1019962,https://www.hillsboromarkets.org/
1021249,http://www.hillsdalefarmersmarket.com
1008020,http://www.hinghamfarmersmarket.org
1005076,http://www.hinsdalechamber.com
1019330,http://hotspringsfarmermarket.com
1021208,https://jcdowntown.org/events/farmers-market
1010937,http://www.historicfarmersmarketoflapeer.com 
1021533,http://www.LafayetteFarmersMarket.com
1021509,http://www.historiclewesfarmersmarket.org
1021511,http://www.historiclewesfarmersmarket.org
1021512,http://www.historiclewesfarmersmarket.org
1018972,http://newburghfarmersmarket.org
1019302,http://www.hollyfarmersmarket.weebly.com
1021229,https://seela.org/markets-hollywood/
1018458,http://homegrownfarmmarket.webs.com
1007267,http://www.homerfarmersmarket.org
1009663,http://www.homesweethomewood.com
1012076,http://www.gorgegrown.com
1021705,https://makefoodyourbusiness.org/markets/
1021711,http://www.hopestreetmarket.com
1012041,http://www.hopkinsfarmersmarket.com
1020100,http://www.hopkinsvilleky.us/visitors/historic_hopkinsville/downtown_farmers_market/index.php
1008366,http://www.hopkintonfarmersmarket.com
1018200,http://Hubcityfm.org
1005674,http://www.hudsonfarmersmarketny.com
1018152,http://greatbiggreenhouse.com
1019990,http://Great Big Greenhouse.com
1021610,http://www.carbondalemarket.com/
1021612,https://humpdayfarmersmarket.com/
1019056,http://www.hunterdonlandtrust.org
1010598,https://www.huntingdonfarmersmarket.org/
1021268,http://www.huntley.il.us
1019586,http://www.huttotx.gov
1021635,HTTPS://www.Facebook.com/Hwy80Produce 
1011325,http://www.hyattsville.org/farmersmarket
1021703,http://www.HydeParkFarmersMarket.com
1012621,http://www.idafarmersmarket.com
1006417,http://www.idahofallsfarmersmarket.org/
1005080,http://www.icdda.com
1019236,http://independenceuptownmarket.com
1019861,https://indianafarmmarket.blogspot.com/
1004384,http://www.cityofionia.org
1019340,http://Isabahlialoefinc.org
1003680,http://www.issaquahwa.gov/market
1018343,http://www.jcfarmmarket.org/
1019263,http://www.jacksoncountyfarmersmarket.org
1018978,http://www.jacksoncountyfarmersmarket.org
1021281,http://www.lammscape.com
1009970,http://janesvillefarmersmarket.com/jfm/
1021306,http://www.farmtocitymarkets.com
1020192,http://jeffersontownky.com/farmersmarket/
1002907,http://www.joshuatreefarmersmarket.com
1018242,https://jahc.org/food-festival/
1005270,http://www.honolulu.gov/parks/programs/pom
1008375,http://www.kp.org/fresno
1019774,http://pfcmarkets.com
1005252,http://www.honolulu.gov/parks/programs/pom
1008118,http://www.honolulu.gov/parks/programs/pom
1021264,http://kamuelafarmersmarket.com
1005253,http://www.honolulu.gov/parks/programs/pom
1005254,http://www.honolulu.gov/parks/programs/pom
1005255,http://www.honolulu.gov/parks/programs/pom
1019003,https://www.kellerfarmersmarket.com/
1021369,https://www.KenoshaPublicMarket.com
1021743,https://KenoshaPublicMarket.com
1021349,http://www.KenoshaPublicMarkets.com
1020011,http://www.ExploreKensington.com 
1021742,http://kentwoodfarmersmarket.com
1021567,https://www.kershawcountyfarmersmarket.com/
1010636,http://www.kingfarmersmarket.com
1003269,http://www.kingstonfarmersmarket.org
1019491,https://www.fairfaxcounty.gov/parks/farmersmarkets/kingstowne
1020032,https://www.towncenterevents.com/farmersmarket.html
1011117,http://www.kitterycommunitymarket.com
1021332,https://knoxcountyfarmersmarket.wordpress.com/
1020075,http://www.knoxcountymarket.com
1021633,https://friendsofkoreshan.org/Farmers-Market
1021244,http://ksqfarmersmarket.com
1021345,http://www.lacienegafarmersmkt.com
1003343,http://www.lafamiliaverde.org
1019986,http://lafamiliaverde.org
1020123,http://lagrangefarmersmarket.com
1019506,https://townoflaplata.org/farmersmarket
1019649,https://lachattownfarm.org/farmers-market.php
1019103,http://www.LakeBarringtonFarmersMarket.com
1012206,http://www.ausablevalleygrangefarmersmarkets.com/lake-placid.html
1019850,http://www.brainerdfarmersmarket.com
1019851,http://www.brainerdfarmersmarket.com
1019198,http://www.lakesidefarmersmarket.net/
1002021,http://www.lakesidefarmersmarket.net
1002521,http://www.leafcommunity.org
1019427,http://lakewoodny.com/government/lakewoods-farmers-artisans-market/
1020051,http://goodlocalmarkets.org
1021683,https://lanarkfarmersmarket.com/
1019852,https://www.lancasterohfarmersmarket.org/
1019352,https://landonsgreenhouse.com/local-foods/
1005352,http://www.lanecountyfarmersmarket.org/
1009803,http://www.lanecountyfarmersmarket.org/
1019756,https://www.lansdalefarmersmarket.org/
1021291,http://larimercountyfm.org
1021661,http://www.latahfarmersmarket.com/
1012344,http://Lathamfarmersmarket.org
1019030,http://downtownthursday.com
1018834,http://www.lawrencemi.org/lawrence-farmers-market/
1021324,https://www.lawrencefarmersmarket.org/
1021325,https://www.lawrencefarmersmarket.org/
1019450,http://www.lunited.org/programs/community-planning-development/lawrenceville-farmers-market/
1021647,http://www.leaffoodhub.com
1018113,http://www.lebanonct.gov
1019158,http://legacyfarmersmarket.com
1006652,http://urbanoasisproject.org
1002768,http://www.leelanaufarmersmarkets.com
1016916,http://www.lewfm.org
1004651,http://www.lcgh.net
1019503,http://www.crossingscenter.com/farmersmarket
1019808,https://www.lewistonfarmersmarket.com/
1019726,https://www.lewistonfarmersmarket.com/
1021470,https://www.lexingtonfarmersmarket.org/
1019346,http://www.lexingtonfarmersmarket.org/
1018927,http://www.ligoniercountrymarket.com
1021361,http://www.lilburnfarmersmarket.org
1011300,http://LHBA.org
1020132,http://www.lhbala.org
1019304,https://www.lpfarmersmarket.org/
1021198,http://sdfarmbureau.org
1019167,http://www.lintonfarmersmarket.com
1019678,http://www.litchfieldhillsfarmfresh-ct.org
1019679,http://www.litchfieldhillsfarmfresh-ct.org
1019207,http://www.ssjnn.org
1019995,http://www.LittleItalyMercato.com
1012027,http://waccamawmarkets.org/
1019538,https://www.westernsustainabilityexchange.org/events/2019/5/29/livingston-farmers-market
1018901,http://www.localapxmarket.com
1019494,https://www.fairfaxcounty.gov/parks/farmersmarkets/lorton
1000462,http://www.lovelandfm.com
1016820,http://www.lowlinemarket.com
1021727,https://www.discoverlowell.org/farmers-market/
1011233,https://www.facebook.com/LowerValleyFarmersMarket/timeline
1011800,http://lsiowa.org/market
1019622,http://www.loudounfarmersmarkets.org
1019177,http://www.loudounfarmersmarkets.org
1019175,http://www.loudounfarmersmarkets.org
1019940,http://lynchburgcommunitymarket.com/
1019435,http://www.lyndenfarmersmarket.com
1011538,http://www.mableton.org/mableton-farmers-market
1005201,http://www.rosenet.org/gov/ddc
1012046,http://www.madrassaturdaymarket.com
1021339,http://www.sfmamarkets.com/madrona-farmers-market
1021197,http://www.mainstreetdfs.org/farmers-market/
1006837,https://edc-farmtrails.org/our-trails/farmers-market/
1011119,http://www.chanutemainstreet.com
1019706,https://thecooperageproject.org/markets/farmersmarket/
1019501,http://www.libertyvillefarmersmarket.org
1005256,http://www.honolulu.gov/parks/programs/pom
1019969,http://naf1.townofmanchester.org/index.cfm/spruce-street-market/
1018217,https://manisteekitchen.org/farmers-market/
1018998,http://ManistiqueFarmersMarket.org/
1005257,http://www.honolulu.gov/parks/programs/pom
1019111,http://www.mansfieldtxfarmersmarket.com
1005218,http://www.manzanitafarmersmarket.com
1016799,http://www.maplevalleyfarmersmarket.com
1003238,http://www.MariettaSquareFarmersMarket.com
1021358,http://www.menomineefarmersmarket.com/
1021713,https://www.cityofmarion.org/recreation/parks-recreation/parks/farmers-market
1019368,http://www.orlandpark.org/market
1012031,http://waccamawmarkets.org/
1000242,http://www.specialeventsmobile.org
1019022,http://www.OSFMI.com
1000616,http://www.specialeventsmobile.org
1019185,http://urbanoasisproject.org
1019806,http://www.marketonmainevv.com
1011972,http://MilitaryAve.org
1021341,https://whitehall-oh.us/581/Market-on-the-Green
1019189,https://www.nourishknoxville.org/market-square-farmers-market/
1019843,http://www.cityofmarlette.com/2216/Marlette-Farmers-Market
1020190,https://marshall.ca.uky.edu/farmersmarket 
1002929,https://marshfieldfair.org/farmers-market/
1018976,http://www.maryvilleILfarmersmarket.org
1011139,http://www.farmersmarketmaryville.com
1005642,http://www.mattapanfoodandfitness.org
1003199,http://www.matthysfarmmarket.com
1019300,http://www.mauldinculturalcenter.org/mauldin-market
1019968,https://www.maustonfarmersmarket.com/
1019487,https://www.fairfaxcounty.gov/parks/farmersmarkets/mccutcheon-mount-vernon
1020134,http://www.northcoastgrowersassociaton.org
1019490,https://www.fairfaxcounty.gov/parks/farmersmarkets/mclean
1019634,https://medfordfarmersmarket.org/
1021314,http://www.farmtocitymarkets.com
1018908,http://www.oyatetecaproject.org
1019858,http://www.medinafarmersmarket.com
1019759,http://www.meigscountyfarmersmarket.com
1021209,http://memphisfarmersmarket.org
1002905,http://www.localharvest.org
1019816,http://menomineefarmersmarket.com/
1021357,http://www.menomineefarmersmarket.com/
1019464,http://www.meridianmainstreetmarket.com
1000021,http://www.mtfarmersmarket.com
1019683,http://www.middletownmdfarmersmarket.com
1019777,http://mbami.org/farmersmarket/
1012786,http://www.midwestfarmersmarkets.org/markets/midtown-farmers-market/
1006681,http://www.downtowntownmilfordfarmersmarket.com
1009658,http://www.honoluluparks.com
1020034,https://www.milkladymarkets.org/derwood-market.html
1020035,https://www.milkladymarkets.org/derwood-market.html
1020038,https://www.milkladymarkets.org/shady-grove-market
1012523,http://millcityfarmersmarket.org/
1018486,http://www.miltondefarmersmarket.org/
1021454,http://www.mcwfm.org
1019239,https://mineolafarmersmarket.com/
1019716,https://minnetrista.net/home/things-to-do/farmers-market2/
1006069,https://www.minturn.org/explore-minturn/pages/minturn-market
1020195,http://cuesa.org/mcm
1016862,http://missionks.org/market
1018939,http://missoulafarmersmarket.com/
1010037,http://www.seela.org/
1001104,http://www.tscpl.org
1006547,http://www.farmersmarketmonroemi.com
1012314,http://www.mainstreetmonroe.org
1019844,http://www.montavillamarket.org
1020085,http://www.mocofarmersmarket.com
1021377,https://jaspercountycoc.com/events/market-on-the-square/
1011901,http://www.montourfallsfarmersmarket.com
1019507,http://montrosefarmersmarket.weebly.com/
1019480,http://www.morelandfarmersmarket.org
1018573,http://morgan.osu.edu
1018314,http://www.info@mcfarmers.org
1018317,http://www.info@mcfarmers.org
1021252,http://www.info@mcfarmers.org
1012560,http://www.downtownmorganton.com/index.php/shop/farmers-markets
1021656,https://www.morningsidemarket.com
1021467,https://www.growitgreenmorristown.org/local-food-access
1020162,https://www.morrobayfarmers.com
1018926,http://www.ci.moscow.id.us/197/Farmers-Market
1005559,http://www.mosineechamber.org
1018991,http://www.mounthopefarm.org
1004717,https://experiencemountpleasant.com/events/farmers-market/
1018995,http://MtPFM.org
1000585,http://www.MountainFresh.org
1021307,http://www.farmtocitymarkets.com
1021287,http://www.mt-pleasant.org/farmersmarket
1021571,http://Www.mtwashingtonky.org
1010316,http://www.mulberrymarket.org
1012725,http://muldoonfarmersmarket.org
1019857,https://murrysvilleparecreation.com/190/Farmers-Market
1018903,https://www.facebook.com/MyMatanuskaMarketplace/?ref=bookmarks
1019682,http://www.myersvillefarmersmarket.com
1011535,http://www.napafarmersmarket.org
1020055,https://narrowsburgfarmersmarket.org/
1003081,http://nash.ces.ncsu.edu
1020017,http://www.natickfarmersmarekt.org
1021715,https://www.navarrofarm.org/
1021642,https://www.nederlandfarmersmarket.org/
1018702,http://www.needhamfarmersmarket.org
1019737,http://neoshofarmersmarket@gmail.com
1021634,http://www.gonetcong.com/
1019908,https://guide.farmfreshri.org/food/farmersmarkets_details.php?market=454
1019725,http://www.newbaltimorefarmersmarket.com
1012739,https://coastalfoodshed.org/
1012738,https://coastalfoodshed.org/
1019348,https://coastalfoodshed.org/
1012737,https://coastalfoodshed.org/
1021601,http://www.neweracrc.org
1020043,https://www.nourishknoxville.org/new-harvest/
1005939,http://cityseed.org/downtown/
1005991,http://newhighlandbaptist.org/farmers-market/
1021336,http://noehospital.org
1021549,https://www.commongroundfarm.org/markets/newburgh-farmers-market
1021708,https://www.facebook.com/newcastlewyfarmersmarket
1019240,http://www.farmermark.com/newportbeach
1010614,http://www.norfolkfarmersmarket.org
1021279,http://northalbanyfarmersmarket.com/
1020066,http://www.ecologycenter.org/fm
1021243,http://www.NCantonFarmersMarket.com
1021434,http://www.NCantonFarmersMarket.com
1019407,http://www.NorthCreekFarmersMarket.com
1018875,http://www.necic-ohio.org
1021344,http://necic-ohio.org
1018184,https://northiowafarmersmarket.com/
1018550,http://northmarket.com
1001059,http://www.waccamawmarkets.org
1004865,http://www.northprairiefarmersmarket.com
1009884,http://www.northsquarefarmersmarket.com
1018455,https://www.visitstmarysmd.com/food-drink/detail/north-st.-marys-county-farmers-market
1003694,http://www.NorthbrookFarmersMarket.org
1006780,http://www.northeastmarket.org
1010755,http://newfarmersmarket.org
1002764,http://www.leelanaufarmersmarkets.com
1018728,http://northridgefarmersmarket.org
1019815,http://www.northsidefm.org
1021379,http://northsidefarmersmarket.org
1021554,https://www.northville.org/farmers-market-vendors
1019008,http://www.lambsquartersinc.com
1019345,https://www.nourishknoxville.org/winter-market/
1020054,http://centralfarmmarkets.com
1019127,http://www.nutleynj.org/farmersmarket
1019828,http://www.visitoakcreek.org
1021566,http://Www.oakhillhops.com
1019488,https://www.fairfaxcounty.gov/parks/farmersmarkets/oak-marr
1019223,http://Foodjusticecoalition.com
1019971,https://cfmatl.org/oakhurst/
1019353,http://www.ocaladowntownmarket.com
1001839,http://www.OceanBeachSanDiego.com
1006250,http://www.oceancityvacation.com
1019200,http://www.oceanpines.org/amenities/ocean-pines-farmers-and-artisans-market/
1021412,http://www.ovfarmersmarket.org
1021413,http://www.ovfarmersmarket.org
1001271,http://www.ohsu.edu/farmersmarket
1021356,https://www.downtownspringfield.org/old-capitol-farmers-market/
1020130,http://www.oldla.org
1020131,http://www.oldla.org
1020146,https://uvfm.org/old-oakland-fridays
1009659,http://www.honoluluparks.com
1010865,http://oldebeaufortfarmersmarket.org
1021667,https://www.pickeringtonvillage.com/farmers-market
1019646,http://olympiafarmersmarket.com
1018655,http://omahafarmersmarket.com
1019343,http://omahafarmersmarket.com
1001034,http://www.oneidanation.org/ofm
1019317,https://www.onslowcountyfarmersmarket.com/
1021608,http://www.farmersmarketatthedole.org
1018807,http://farmmarketorange.com
1020114,https://orangehomegrown.org/
1018920,http://www.OrangeParkMarket.com
1008468,http://www.orcityfarmersmarket.com
1019202,http://mercedcfm.com/
1020198,http://www.cccfm.org/
1008360,http://www.ormondbeachfarmersmarket.com
1019416,http://www.orofinofarmersmarket.com/
1019019,http://www.OSFMI.com
1019023,http://www.OSFMI.com
1019025,http://www.OSFMI.com
1021699,https://www.oswegolandparkdistrict.org/programs-events/special-events/oswego-country-market/
1021215,https://www.fromthelandofkansas.com/market/overbrook-farmers-market
1021384,https://owencountyfarmersmarket.com/
1021335,http://www.oxfordfarmersmarket.com
1012777,http://www.OxnardFarmersMarket.com
1021721,http://paducahky.gov/farmers-market
1021722,http://paducahky.gov/farmers-market
1021200,http://Pajarovalleyfarmersmarket.com
1019723,http://www.palisadesfm.org
1021648,https://palmasfarmersmarket.com/
1005248,http://www.honolulu.gov/parks/program/pom
1018687,http://www.palosheights.org
1021491,http://paolafarmersmarket.org
1006927,http://www.parkvillefarmersmarket.com
1019939,http://www.paseofarmersmarket.com
1019674,http://www.pawlingfarmersmarket.org
1019910,https://guide.farmfreshri.org/food/farmersmarkets_details.php?market=30
1018944,https://guide.farmfreshri.org/food/farmersmarkets_details.php?market=29
1021735,https://pawtuxetmarket.com/
1019068,http://www.payettevalleyfoodconnection.com
1021389,https://www.paysonfarmersmarket.com/
1021718,http://PCSundayMarket.com
1020175,http://www.peacefulvalleyfarmersmarket.com
1019685,http://Www.psfmarket.org
1018466,http://www.peachamfarmersmarket.com/
1020072,https://www.pcfarmersmarket.com/
1019854,http://penningtonfarmersmarket.org
1019822,http://www.perrylecomptonfarmersmarket.com
1018626,http://www.ilovefarmersmarkets.org
1018627,http://www.ilovefarmersmarkets.org
1012060,http://www.petershamcommon.com/fridaymarket.htm
1010839,https://petworthcmarket.wordpress.com/
1019128,https://www.instagram.com/pfafftownfarmersmarket/?hl=en
1001260,http://www.pflugervilletx.gov/pfarmersmarket
1020126,https://www.phelancertifiedfarmersmarket.org
1002060,http://www.philmontcooperative.com
1007245,http://www.triadfarmersmarket.com
1010408,http://www.centralfarmmarkets.com
1021731,http:// www.pikefarmersmarket.org/
1021380,http://www.pinecitychamber.com
1010638,http://www.greenmarketco-op.org
1016803,http://www.cypresshills.org
1021641,http://pittsburgfarmersmarket.org
1018921,http://oces.okstate.edu/pittsburg/farmers-market
1020005,https://www.pittsfield-mi.gov/Index.aspx?NID=760
1021572,http://eldoradofarmersmarket.com
1012268,http://plainwell.org
1019344,http://plainwell.org 
1019616,https://plattevillefarmersmarketwi.com/
1019615,https://plattevillefarmersmarketwi.com/
1020019,http://www.farmermark.com/playavista
1021455,https://www.pleasantvillefarmersmarket.org/
1004602,http://www.plymouthfarmersmarket.com
1011146,http://www.poestenkillfarmersmarket.com
1005259,http://www.honolulu.gov/parks/programs/pom
1021485,https://cfmatl.org/markets/
1021462,https://downtownpontiacil.com/farmers-market-about/
1019027,https://www.portchesterfarmersmarket.com
1020037,http://jcfmarkets.org
1018474,https://www.portlandfarmersmarket.org/
1018477,https://www.portlandfarmersmarket.org/
1018478,https://www.portlandfarmersmarket.org/
1018482,https://www.portlandfarmersmarket.org/
1018483,https://www.portlandfarmersmarket.org/
1007797,http://www.seacoastgrowers.org
1019807,http://oh-prairietownship2.civicplus.com/219/Farmers-Market
1021263,https://www.prescottfarmersmarket.org/
1021501,http://www.friendsofpretzelpark.org
1019793,https://www.princegeorgecountyva.gov/farmersmarket/index.php
1021617,https://pullmanchamber.com/live-in-pullman/farmers-market/
1019868,https://www.purcellvillefarmersmarket.com/
1021266,http://www.pfmwv.com
1011596,https://www.pfmwv.com
1003402,http://www.puyallupmainstreet.com/farmersmarket
1010145,http://www.qafm.org
1005260,http://www.honolulu.gov/parks/programs/pom
1019122,http://www.quincyfarmersmarket.org
1019315,https://www.thedistrictquincy.com/farmers-market/
1021579,http://www.railyardsmarket.org
1019500,http://www.redlodgefarmersmarket.com
1001766,http://redoakfarmersmarket.com
1020024,http://breada@earthlink.net
1021277,http://www.breada.org
1003610,http://www.breada.org
1004750,http://www.cityofredlands.org/redlandsmarketnight
1004751,https://www.cityofredlands.org/cms/One.aspx?portalId=6255746&pageId=7211257
1000712,http://www.ramchealth.com
1019235,http://www.ci.reidsville.nc.us/planning_a_visit/market_square/farmer_market.php
1021615,http://reisterstown.com
1019493,https://www.fairfaxcounty.gov/parks/farmersmarkets/reston
1002843,http://www.rexburgfarmersmarket.org/
1018549,https://www.richmondindiana.gov/resources/farmers-market
1021272,https://www.richmondindiana.gov/resources/farmers-market
1019930,http://ridgewayfarmersmarket.org
1019142,http://www.myfhc.org
1019145,http://www.myfhc.org
1021312,http://www.farmtocitymarkets.com
1021302,http://www.farmtocitymarkets.com
1019419,http://www.riverstreetmarket.com
1019312,http://www.farmersmarketonline.com/fm/RiverValleyFarmersMarketMT.html
1019418,http://www.riverfrontfarmersmarket.org
1000194,http://justeatlocal.wordpress.com/
1019259,http://www.crescentcityfarmersmarket.org/
1019927,http://www.riverviewfarmersmarket.org/
1019635,http://downtownmilford.org/farmersmarket
1019070,http://discoverroanoke.org/events/farmers-market
1020173,http://rockfordmidtownmarket.com
1019033,http://RockmartFarmersMarket.com
1012576,http://www.rockvillemd.gov/farmers
1021623,http://www.rockybuttemarket.com
1011286,http://rogersmn.gov/farmers-market
1003969,http://www.rvgrowersmarket.com
1003970,http://www.rvgrowersmarket.com
1003971,http://www.rvgrowersmarket.com
1018637,http://www.ilovefarmersmarkets.org
1011778,http://www.cityrm.org
1018349,http://www.rooseveltfarmersmarket.com
1010821,http://www.foodcoalition.org
1019194,http:// Roslindale.net
1005261,http://www.honolulu.gov/parks/programs/pom
1021451,http://runningspringschamber.com
1019620,http://russellville.locallygrown.net
1021646,http://russianriverfarmersmarket.com
1018975,http://www.rustonfarmersmarket.org
1005214,http://market.salemva.gov
1021613,http://www.salemfarmersmarket.org
1019211,http://www.salemnhfarmersmarket.org
1004988,http://www.cityofsaline.org/farmersmarket
1004990,http://www.cityofsaline.org/farmersmarket
1021724,http://salisburyfarmersmarket.org/
1002485,http://www.salmoncreekfarmersmarket.com
1019428,http://www.fortwayneparks.org
1005262,http://www.honolulu.gov/parks/programs/pom
1021468,https://safoodbank.org/farmersmarket
1018449,http://www.sanfordfarmersmarket.org/
1020185,http://www.uvfm.org
1021645,http://Thesantarosafarmersmarket.com
1018625,http://www.ilovefarmersmarkets.org
1018315,http://www.wednesdaynightmarket.org
1007261,http://www.downtowntc.com
1012203,http://www.ausablevalleygrangefarmersmarkets.com
1021577,http://www.lakecountyfarmersfinest.org
1007250,http://www.saugertiesfarmersmarket.com/
1021558,http://www.ScituateFarmersMarket.com
1021707,https://www.scituatefarmersmarketri.org/
1012037,http://SCOTCHPLAINSFARMERSMARKET.COM
1020088,https://scott.ca.uky.edu/content/farmers-market
1018167,http://www.seacoasteatlocal.org
1018172,http://seacoasteatlocal.org
1021664,https://www.seasidemarket.org/
1021233,https://secotanmarket.com/
1018773,http://www.sedaliaareafarmersmarket.com/
1019442,http://senecamarket.com
1010838,http://www.townofshallotte.org
1019455,http://www.thefreshproject.org
1021429,http://www.cityofshawnee.org
1019976,https://www.mainstreetshelbyville.org/mainstreet-farmers-market/
1018988,http://www.shilohfarmersmarket.com/
1019319,http://www.shorelinefarmersmarket.org
1012179,http://www.shorewoodfarmersmarket.com/
1020004,https://redriverrevel.com/shreveport-farmers-market/
1021397,http://www.mainstreetsiloam.org/farmersmarket
1016822,http://www.silvervalleychamber.com/farmers-market.htm
1018601,http://www.SilverdaleFarmersMarket.com
1010560,http://www.farmersmarketsiouxcity.com
1003169,http://www.sitkalocalfoodsnetwork.org/
1018814,http://www.davmid.com
1020022,http://www.farmermark.com/soco
1019926,https://www.sutmc.org/sodus-farmers-market
1003836,http://www.solanabeachfarmersmarket.com
1019829,http://soldotnasaturdayfarmersmarket.com
1019671,http://somersetcountyfarmersmarket.com
1020067,http://www.ecologycenter.org/fm
1021697,https://SouthCollierFarmersMarket.com
1019385,https://sewanee.locallygrown.net/
1018138,https://oktjustice.org/resources/
1021214,https://southendmkt.com/
1002526,http://www.southhillva.org
1019915,https://www.southkingstownfarmersmarket.org/
1021573,http://eldoradofarmersmarket.com
1019511,http://www.southlyonfarmersmarket.org
1010997,http://www.urbanoasisproject.org/farmers-markets.html
1010445,http://www.smmarket.org
1021553,https://www.sovillagecenter.org/pub/event/story/2557/
1019091,http://www.facebook.com/southsidefarmersmarket
1021563,https://www.southwaterfront.com/farmers-market
1021589,https://southwindsor.recdesk.com/Community/Page?pageId=28812
1021326,http://denverfarmersmarket.com
1005560,http://www.swvafarmersmarket.org/
1019305,https://www.joysouthfield.org/
1019784,https://www.spotsylvaniafarmersmarket.com/
1019452,http://www.spotsylvaniafarmersmarket.com
1019782,http://SpotsylvaniaFarmersMarket.com
1021394,http://springdale.locallygrown.net
1003588,http://www.batesvillemainstreet.com/events/
1018312,http://www.stjohnsopportunity.org/
1021466,http://www.gratiotfarmersmarkets.com/st-louis
1020176,http://www.smfarmersmarket.com
1007810,http://www.stpaulfarmersmarket.com
1012278,http://www.saturdaymorningmarket.com
1012766,http://Www.staffordcommunityfarmersmarket.com
1021526,http://Downtownstayton.org
1010057,http://stonesriver.locallygrown.net/
1019526,http://www.stowfarmersmarket.com
1018451,http://www.stowefarmersmarket.com
1012116,http://www.suffolkvafarmersmarket.com/
1019545,http://www.letsgrowakron.org
1019036,http://Sumterfarmersmarket.com
1019112,http://www.ColoradoFeedAndGrain.com/SundayMarket
1007271,http://www.ardovinos.com
1020186,https://uvfm.org/sunnyvale-saturday
1009707,http://www.waccamawmarkets.org
1020149,http://svsaturdaymarket.org/
1019481,http://www.sustaingreenville.org/
1021643,https://sustainablefoodcenter.org/farmers-market
1021644,https://sustainablefoodcenter.org/farmers-market
1002765,http://www.leelanaufarmersmarkets.com
1019981,http://www.suwanee.com
1021313,http://www.farmtocitymarkets.com
1018923,http://sweetwater-organic.org/
1019015,http://www.tahoecityfarmersmarket.com
1020036,http://shirleysfarmersmarkets@gmail.com
1018476,http://www.taosfarmersmarket.org
1020073,http://www.spencerextension.com/farmersmarket
1011738,http://www.saturdaymarketlive.com/
1019138,http://www.teamjaffrey.org
1003982,http://www.thetelluridefarmersmarket.com
1020147,https://uvfm.org
1019075,https://www.ttfarmersmarket.com/
1021694,https://teninofarmersmarket.org/
1018994,http://Terrasquare.com
1010998,http://www.terrehautefarmersmarket.com
1000710,http://www.TexasFarmersMarket.org
1021616,http://texasfarmersmarket.org/
1018279,http://www.texastownship.org/farmers-market/
1021235,http://thewheemarket.org
1021204,http://Www.facebook.com/albemarlefarmersmarket
1020049,http://americanlegionfarmersmarket.com
1019047,http://oobballpark.com
1019933,https://www.berlinmainstreet.com/farmersmarket/
1019596,https://www.instagram.com/thecapitalmarket20743
1018959,http://www.cityofclarksville.com/index.aspx?page=406
1021254,http://www.cornermarketgso.com
1019303,http://www.creedefarmersmarket.com
1019544,http://www.eastendfm.com
1019948,https://millno5.com/the-farm-market/
1019166,http://farmersmarket.umd.edu
1019626,https://www.tiffanyfarmsct.com/new-page
1019751,http://AgresticAcres.com
1021304,http://www.farmtocitymarkets.com
1019697,https://www.itsmarta.com/marta-market.aspx
1019700,https://www.itsmarta.com/marta-market.aspx
1019699,https://www.itsmarta.com/marta-market.aspx
1019698,https://www.itsmarta.com/marta-market.aspx
1019696,https://www.itsmarta.com/marta-market.aspx
1021276,https://www.buylocalmarket.org/the-groves-marketplace
1021619,http://Downtownroanoke.org
1012357,http://www.TheBeachMarkets.com
1019504,http://themarketlvnj.wixsite.com/themarket-longvalley
1019966,https://secondstageamherst.org/markets
1018422,http://greenlakerenewal.org/
1021702,http://www.whiteriverstatepark.org/
1019928,http://www.themarketplaceatleebranch.com
1011497,http://www.marketsatshrewsbury.com
1019517,https://www.monroefarmersmarket.org/
1019826,https://www.greshamfarmersmarket.com/
1019975,http://www.peoplesmarketbtown.org
1018628,http://www.ilovefarmersmarkets.org
1018624,http://www.ilovefarmersmarkets.org
1010798,http://www.shirleysfarmersmarkets.com
1012799,http://westriverfarmersmarket.com
1021586,http://www.thewilmingtonfarmersmarket@gmail.com
1008826,http://www.thewoodlandfarmersmarket.org
1008827,http://www.thewoodlandfarmersmarket.org
1017961,http://agriculturalinstitue.org
1009802,http://www.tigardfarmersmarket.org
1021744,http://www.TivertonFarmersmarket.com
1021447,https://www.tontitown.com/tontitown-farmers-market/
1021490,https://www.tosafarmersmarket.com
1019393,https://hillsvillefarmersm.wixsite.com/mysite 
1021745,http://travelersrestfarmersmarket.com
1021343,https://experiencetremont.com/featured-events/farmers-market/
1018933,https://www.troutcreekcia.org/farmers-market/
1020002,http://troymarket.org
1019632,http://tuesdayfarmersmarket.com
1018397,http://bloomington.in.gov/farmersmarket
1021576,http://www.lakecountyfarmersfinest.org
1018283,http://www.tupelomainstreet.com
1019349,http://www.tuscaloosarivermarket.com/
1005493,http://www.twincityfarmersmarket.com
1019215,http://ucfarmersmarket.com
1010158,http://www.unionfarmersmarket.org/
1019540,http://www.unionsquaremain.org
1018634,http://unionstreetfarmersmkt.com
1021305,http://www.farmtocitymarkets.com
1019764,http://www.getfreshmarkets.org
1021726,http://uptownfarmersmarket.org
1001886,http://uptowngreenville.com/play/umbrella-market/
1019105,http://www.uptowngreenwood.com/uptown-market
1019448,https://www.marketwednesday.com/
1019342,http://www.urbanharvest.org
1005631,http://www.usda.gov/farmersmarket
1001999,http://www.CityofUtica.com
1018535,http://vancecounty.org
1019692,https://www.vanderbiltfarmersmarket.com/
1012325,http://www.vashonfarmersmarket.org
1018597,http://www.vermillionfarmersmarket.org
1018598,http://www.vermillionfarmersmarket.org
1019078,https://vtfarmersmarket.org/
1019080,https://vtfarmersmarket.org/
1019952,http://vhpdfarmersmarket.org
1020048,https://www.projectgrows.org/food-access/north-augusta-farmers-market/
1019513,http://www.tfbgc.org/farmers-market
1012297,http://slavicvillage.org/villagemarket
1019645,http://www.lemont.il.us/FarmersMarket
1019156,http://www.skokie.org/FarmersMarket.cfm
1006342,http://www.vincennes.org
1021297,https://ofallonstation.com/vine-street-market/
1018214,http://www.vineyardfarmersmarket.com
1021487,https://cfmatl.org/virginia-highland/
1021251,http://urbanoasisproject.org
1019155,http://wacodowntownfarmersmarket.org
1005268,http://www.honolulu.gov/parks/programs/pom
1005263,http://www.co.honolulu.hi.us/parks/programs/pom
1005269,http://www.honolulu.gov/parks/programs/pom
1005264,http://www.honolulu.gov/parks/programs/pom
1005266,http://www.honolulu.gov/parks/programs/pom
1019489,https://www.fairfaxcounty.gov/parks/farmersmarkets/wakefield
1021340,http://www.sfmamarkets.com/visit-wallingford-farmers-market
1020197,http://www.cccfm.org/
1021366,http://www.wheretexasbecametexas.org
1018552,http://www.waterfrontfarmersmarket.org
1011229,http://www.waygreeninc.org
1004499,https://www.russellsgc.com/farmersmarket
1012485,http://coe.wayne.edu/centerforhealthandcommunityimpact/farmersmarket.php
1020047,https://www.projectgrows.org
1019124,http://waynesbugpa.org
1021709,http://www.eastprovidencelibrary.org
1021452,http://www.webbcityfarmersmarket.com/
1000384,http://www.webstersjoeobbiefarmersmarketinc.org
1019864,https://indianafarmmarket.blogspot.com/
1019114,http://www.wellfleetfarmersmarket.com/
1002890,http://www.wellingtonsquarefarmersmarket.com
1019067,http://leapforlocalfood.org/westend
1018650,http://www.wlafarmersmarket.com
1011203,http://wlfarmersmarket.com/
1019424,http://WOFarmersMarket.com
1016908,http://www.presencehealth.org/west-town-health-market
1019911,https://guide.farmfreshri.org/food/farmersmarkets_details.php?market=30
1012204,http://www.westbrookvillage.org
1010319,http://westchasedistrictfarmersmarket.com
1019509,http://www.westcliffefarmersmarket.com
1021367,http://www.westerlylandtrust.org
1019444,http://www.UptownWestervilleInc.com
1021274,http://www.westfieldfarmersmarket.org
1019797,http://www.westgatefarmersmarket.com
1021246,http://www.westlandfarmersmarket.com/
1002816,http://www.westminstermafarmersmarket.com/
1001661,http://www.westsidecommunitymarket.org
1021217,http://www.westsidecommunitymarket.org
1004515,http://www.nwlansing.org
1005280,http://www.santacruzfarmersmarket.org
1020020,http://www.farmermark.com/westwood
1021258,https://www.weymouth.ma.us/farmers-market
1021488,http://www.whitemountainsmarket.com
1019392,https://whitehavenkulliye.org/the-suq/
1020157,https://whitley.ca.uky.edu/FarmersMarket?fbclid=IwAR2QSgyjtKtnyLgqukENwHG2MaAa48SJY_RLeZqGPX-i9cqVHBrR2qmSo9c
1020156,https://whitley.ca.uky.edu/FarmersMarket?fbclid=IwAR2QSgyjtKtnyLgqukENwHG2MaAa48SJY_RLeZqGPX-i9cqVHBrR2qmSo9c
1019221,http://whittierfarmersmarket.com
1019069,http://WTGPA.org
1018274,http://www.downtownnorthwilkesboro.com
1019652,http://wilkinsburgchamber.com
1021720,https://williamsburgfarmersmarket.com
1019337,http://www.healthyinthehills.com
1020187,https://uvfm.org/willow-glen-saturday
1019433,http://winchesterfarmersmarket.org
1019369,https://winchesterinfarmersmarket.blogspot.com/
1011274,http://www.tvwomeninag.com
1019229,http://winnsborofarmersmarket.com
1019848,https://growoakridge.org/markets
1019653,https://downtowngreenbay.com/explore/downtown-events/winter-farmers-market
1019449,http://www.wyfftp.org/wintermarket
1008231,http://www.townofwise.net
1019845,https://www.ncagr.gov/markets/facilities/markets/asheville/
1009027,http://www.wolfeboroareafarmersmarket.com
1019098,http://wolfforthfarmersmarket.com
1019038,https://www.woodstockfarmfestival.org/
1005140,http://www.visitwoodstockga.com
1021317,http://www.woodstockfarmersmarket.org
1021386,http://www.woodstockfarmersmarket.org
1021385,http://www.woodstockfarmersmarket.org
1011337,http://www.woodwardfarmersmarket.com
1021328,https://bloomingtonwinterfarmersmarket.com/bwfm-in-the-summer/about/
1019912,https://guide.farmfreshri.org/food/farmersmarkets_details.php?market=23
1007309,http://www.wrightstownfarmersmarket.org
1017915,http://www.wythevillefarmersmarket.com
1019708,http://www.yardleyfarmersmarket.com
1018508,http://yardleyfarmersmarket.com/
1007259,https://www.facebook.com/PennYan.Farmers.Market
1002366,http://www.ygfarmersmarket.com
1019247,http://www.YourNeighborhoodFarmersMarket.com
1019245,http://www.YourNeighborhoodFarmersMarket.com
1019246,http://www.YourNeighborhoodFarmersMarket.com
1019250,http://www.YourNeighborhoodFarmersMarket.com
1019242,http://www.YourNeighborhoodFarmersMarket.com
1019244,http://www.YourNeighborhoodFarmersMarket.com
1019327,http://growinghope.net/farmers-markets/ypsilanti/
1019863,https://www.townofzebulon.org/departments/parks-and-recreation/farm-fresh-market
